id,first_name,last_name,date_of_birth,createdAt,updatedAt
0,Claude,Rowe,2019-4-18,2019-12-8 16:57:49,2019-12-8 16:57:49
1,Jeanie,Streich,2019-10-26,2019-12-9 0:36:44,2019-12-9 0:36:44
2,Mikayla,King,2019-1-2,2019-12-8 22:36:38,2019-12-8 22:36:38
3,Meghan,Gerhold,2019-7-25,2019-12-9 4:5:21,2019-12-9 4:5:21
4,Berry,Reilly,2019-2-7,2019-12-9 6:12:22,2019-12-9 6:12:22
5,Bella,Bradtke,2019-4-6,2019-12-9 3:39:49,2019-12-9 3:39:49
6,Jamarcus,Osinski,2019-10-11,2019-12-9 4:17:8,2019-12-9 4:17:8
7,Bulah,"O'Hara",2019-6-18,2019-12-8 22:53:23,2019-12-8 22:53:23
8,Sonia,Monahan,2019-3-17,2019-12-9 4:28:36,2019-12-9 4:28:36
9,Margarette,Gaylord,2019-1-4,2019-12-8 15:5:4,2019-12-8 15:5:4
10,Stacey,Windler,2019-4-15,2019-12-9 6:43:0,2019-12-9 6:43:0
11,Theodora,Witting,2019-2-16,2019-12-9 0:40:13,2019-12-9 0:40:13
12,Reginald,Zieme,2019-10-6,2019-12-8 23:57:20,2019-12-8 23:57:20
13,Reinhold,Stark,2019-8-6,2019-12-9 8:47:14,2019-12-9 8:47:14
14,Monique,Zieme,2019-9-25,2019-12-8 17:42:41,2019-12-8 17:42:41
15,Waldo,Ondricka,2019-2-12,2019-12-8 16:4:57,2019-12-8 16:4:57
16,Shyanne,Reilly,2018-12-11,2019-12-8 17:33:16,2019-12-8 17:33:16
17,Sadie,Schneider,2019-7-6,2019-12-9 11:15:17,2019-12-9 11:15:17
18,Burley,Sporer,2019-11-16,2019-12-9 1:33:20,2019-12-9 1:33:20
19,Mallie,Koch,2018-12-29,2019-12-9 6:23:56,2019-12-9 6:23:56
20,Isaiah,Fay,2019-12-4,2019-12-8 21:7:24,2019-12-8 21:7:24
21,Ezra,Hickle,2019-5-30,2019-12-8 18:59:37,2019-12-8 18:59:37
22,Kathleen,Rempel,2019-6-12,2019-12-9 9:28:14,2019-12-9 9:28:14
23,Ludie,Bosco,2019-11-14,2019-12-9 2:7:8,2019-12-9 2:7:8
24,Diamond,Heidenreich,2019-12-2,2019-12-9 6:51:7,2019-12-9 6:51:7
25,Anya,Klocko,2019-4-19,2019-12-9 3:24:48,2019-12-9 3:24:48
26,Vincent,Torphy,2019-1-10,2019-12-9 3:32:26,2019-12-9 3:32:26
27,Elijah,Baumbach,2019-10-8,2019-12-9 8:0:20,2019-12-9 8:0:20
28,Jaquan,Kutch,2019-5-3,2019-12-8 23:35:14,2019-12-8 23:35:14
29,Lelia,Oberbrunner,2019-7-1,2019-12-9 5:24:56,2019-12-9 5:24:56
30,Sarai,Gulgowski,2019-6-6,2019-12-8 14:53:47,2019-12-8 14:53:47
31,Houston,Bednar,2019-3-14,2019-12-8 19:47:4,2019-12-8 19:47:4
32,Kenyon,Marquardt,2019-4-25,2019-12-8 16:25:33,2019-12-8 16:25:33
33,Bailee,Greenholt,2018-12-9,2019-12-8 22:49:35,2019-12-8 22:49:35
34,Brando,Hagenes,2019-7-24,2019-12-8 17:3:39,2019-12-8 17:3:39
35,Philip,Reichel,2019-1-12,2019-12-9 3:18:23,2019-12-9 3:18:23
36,Ansel,Lind,2019-7-12,2019-12-9 5:34:42,2019-12-9 5:34:42
37,Kolby,Luettgen,2019-8-4,2019-12-9 9:1:9,2019-12-9 9:1:9
38,Maybell,Willms,2019-7-24,2019-12-9 2:5:17,2019-12-9 2:5:17
39,Shad,"O'Hara",2018-12-21,2019-12-9 7:15:55,2019-12-9 7:15:55
40,Jensen,Jenkins,2019-4-25,2019-12-9 6:56:7,2019-12-9 6:56:7
41,Gilbert,Bergnaum,2019-9-28,2019-12-8 11:58:3,2019-12-8 11:58:3
42,Jermaine,Eichmann,2019-5-14,2019-12-9 8:29:19,2019-12-9 8:29:19
43,Kristopher,Bailey,2018-12-13,2019-12-8 15:37:44,2019-12-8 15:37:44
44,Rod,Muller,2019-8-11,2019-12-8 20:16:17,2019-12-8 20:16:17
45,Alfreda,Schoen,2019-8-22,2019-12-9 8:57:55,2019-12-9 8:57:55
46,Ivory,Tromp,2019-9-28,2019-12-8 11:23:21,2019-12-8 11:23:21
47,Kamryn,McGlynn,2019-4-10,2019-12-9 3:5:55,2019-12-9 3:5:55
48,Darryl,Schinner,2019-7-5,2019-12-8 14:47:22,2019-12-8 14:47:22
49,Mellie,Greenholt,2019-3-26,2019-12-9 0:29:1,2019-12-9 0:29:1
50,Andreane,Hodkiewicz,2019-6-19,2019-12-9 9:25:19,2019-12-9 9:25:19
51,Elias,Gerlach,2019-2-1,2019-12-8 13:59:27,2019-12-8 13:59:27
52,Miracle,Bode,2019-10-10,2019-12-9 2:54:23,2019-12-9 2:54:23
53,Kara,Feeney,2019-8-12,2019-12-8 14:58:40,2019-12-8 14:58:40
54,Colt,Jast,2019-8-10,2019-12-9 8:56:9,2019-12-9 8:56:9
55,Trenton,McKenzie,2019-7-8,2019-12-9 2:3:4,2019-12-9 2:3:4
56,Frances,Schmidt,2019-9-20,2019-12-8 22:34:5,2019-12-8 22:34:5
57,Amparo,Roberts,2019-5-22,2019-12-8 20:55:43,2019-12-8 20:55:43
58,Ford,Koepp,2019-4-11,2019-12-9 7:58:1,2019-12-9 7:58:1
59,Kaylah,Schroeder,2019-3-6,2019-12-8 20:37:35,2019-12-8 20:37:35
60,Sabina,Larson,2019-9-22,2019-12-9 7:12:20,2019-12-9 7:12:20
61,Rhea,Lubowitz,2019-1-7,2019-12-9 9:15:54,2019-12-9 9:15:54
62,Roman,Kohler,2019-10-20,2019-12-9 4:38:30,2019-12-9 4:38:30
63,Mayra,Waelchi,2019-7-11,2019-12-8 16:18:56,2019-12-8 16:18:56
64,Scotty,Cassin,2019-11-6,2019-12-8 20:25:25,2019-12-8 20:25:25
65,Rolando,Jakubowski,2019-4-20,2019-12-9 5:26:47,2019-12-9 5:26:47
66,Annabel,Schiller,2019-1-30,2019-12-9 4:29:0,2019-12-9 4:29:0
67,Donato,Prohaska,2019-11-1,2019-12-9 7:44:57,2019-12-9 7:44:57
68,Nathan,Kerluke,2019-10-16,2019-12-8 12:33:52,2019-12-8 12:33:52
69,Felton,Dooley,2019-11-6,2019-12-8 15:21:10,2019-12-8 15:21:10
70,Milton,Zieme,2019-11-21,2019-12-9 3:19:24,2019-12-9 3:19:24
71,Mathew,McCullough,2019-10-10,2019-12-9 4:36:13,2019-12-9 4:36:13
72,Albert,Gislason,2019-10-10,2019-12-8 17:44:22,2019-12-8 17:44:22
73,Ransom,Gutmann,2019-5-5,2019-12-9 7:4:25,2019-12-9 7:4:25
74,Tiara,Bailey,2019-5-28,2019-12-9 4:20:55,2019-12-9 4:20:55
75,Mary,Runolfsdottir,2019-3-22,2019-12-9 6:9:37,2019-12-9 6:9:37
76,Emerson,Feest,2019-4-3,2019-12-9 2:40:47,2019-12-9 2:40:47
77,Kamren,"O'Keefe",2019-7-19,2019-12-9 9:55:48,2019-12-9 9:55:48
78,Brycen,Blick,2019-5-20,2019-12-8 13:49:7,2019-12-8 13:49:7
79,Edmond,Spinka,2019-7-22,2019-12-8 15:16:44,2019-12-8 15:16:44
80,Heidi,Roob,2019-9-23,2019-12-9 9:36:53,2019-12-9 9:36:53
81,Dakota,Rippin,2019-5-12,2019-12-9 3:10:54,2019-12-9 3:10:54
82,Malika,Gibson,2019-2-28,2019-12-8 22:55:41,2019-12-8 22:55:41
83,Rhoda,Towne,2018-12-12,2019-12-9 3:49:23,2019-12-9 3:49:23
84,Velma,Cummerata,2019-9-9,2019-12-8 17:5:24,2019-12-8 17:5:24
85,Elisa,Padberg,2019-9-12,2019-12-8 16:16:20,2019-12-8 16:16:20
86,Wanda,Von,2019-3-4,2019-12-9 9:54:40,2019-12-9 9:54:40
87,Germaine,Kihn,2019-3-23,2019-12-8 18:16:3,2019-12-8 18:16:3
88,Elliot,Grimes,2019-2-25,2019-12-8 18:8:7,2019-12-8 18:8:7
89,Letitia,Kiehn,2019-1-22,2019-12-9 9:18:53,2019-12-9 9:18:53
90,Rafaela,Murazik,2019-7-23,2019-12-8 22:57:2,2019-12-8 22:57:2
91,Aileen,Runolfsdottir,2019-11-7,2019-12-8 15:54:16,2019-12-8 15:54:16
92,Sharon,Buckridge,2019-5-10,2019-12-8 20:45:12,2019-12-8 20:45:12
93,Tess,Grimes,2019-4-3,2019-12-9 9:2:38,2019-12-9 9:2:38
94,Kristy,Hirthe,2019-5-12,2019-12-9 7:22:47,2019-12-9 7:22:47
95,Chelsey,Hackett,2019-5-1,2019-12-8 18:19:8,2019-12-8 18:19:8
96,Karlee,Wiegand,2019-10-1,2019-12-8 21:45:38,2019-12-8 21:45:38
97,Vern,Kerluke,2019-3-23,2019-12-9 5:58:30,2019-12-9 5:58:30
98,Lavina,Cormier,2019-7-2,2019-12-8 13:52:5,2019-12-8 13:52:5
99,Gust,Kuphal,2019-11-7,2019-12-9 6:13:5,2019-12-9 6:13:5
100,Kayleigh,Brekke,2019-11-3,2019-12-8 19:13:23,2019-12-8 19:13:23
101,Dejuan,Lang,2019-9-8,2019-12-9 4:38:56,2019-12-9 4:38:56
102,Edmund,Leannon,2019-4-29,2019-12-9 9:34:41,2019-12-9 9:34:41
103,Tyreek,Goodwin,2019-1-5,2019-12-9 5:45:1,2019-12-9 5:45:1
104,Bud,Rippin,2019-3-25,2019-12-8 17:11:41,2019-12-8 17:11:41
105,Esmeralda,Torp,2019-7-29,2019-12-8 16:36:31,2019-12-8 16:36:31
106,Bradford,Yundt,2019-10-4,2019-12-9 1:7:39,2019-12-9 1:7:39
107,Troy,Wiegand,2019-6-12,2019-12-9 9:55:19,2019-12-9 9:55:19
108,Destini,Crona,2019-6-2,2019-12-9 7:41:40,2019-12-9 7:41:40
109,Coralie,Dooley,2019-1-3,2019-12-8 13:22:47,2019-12-8 13:22:47
110,Marianne,Halvorson,2019-8-11,2019-12-9 7:56:27,2019-12-9 7:56:27
111,Gwen,Huels,2019-5-14,2019-12-8 21:6:33,2019-12-8 21:6:33
112,Jakob,Rolfson,2019-3-25,2019-12-8 13:41:59,2019-12-8 13:41:59
113,Frankie,Gerlach,2019-2-15,2019-12-8 16:40:2,2019-12-8 16:40:2
114,Moshe,Pfeffer,2019-10-15,2019-12-8 14:7:5,2019-12-8 14:7:5
115,Rashawn,Gutkowski,2019-5-17,2019-12-9 2:3:50,2019-12-9 2:3:50
116,Harmony,Bradtke,2019-6-28,2019-12-8 23:54:2,2019-12-8 23:54:2
117,Deangelo,Casper,2019-9-25,2019-12-8 17:9:10,2019-12-8 17:9:10
118,Kira,Dach,2019-9-6,2019-12-9 10:48:32,2019-12-9 10:48:32
119,Jordon,Greenfelder,2019-7-11,2019-12-8 19:58:45,2019-12-8 19:58:45
120,Eulalia,Grimes,2019-3-6,2019-12-9 1:14:55,2019-12-9 1:14:55
121,Zoie,McGlynn,2019-1-13,2019-12-8 12:37:23,2019-12-8 12:37:23
122,Una,Schmidt,2019-8-15,2019-12-9 7:12:14,2019-12-9 7:12:14
123,Melissa,Marks,2019-10-7,2019-12-8 13:42:31,2019-12-8 13:42:31
124,Marta,Anderson,2019-4-22,2019-12-8 13:25:41,2019-12-8 13:25:41
125,Adeline,Beatty,2019-3-16,2019-12-9 9:0:14,2019-12-9 9:0:14
126,Kailey,DuBuque,2019-4-11,2019-12-9 6:8:17,2019-12-9 6:8:17
127,Christopher,Howe,2019-5-20,2019-12-8 14:41:11,2019-12-8 14:41:11
128,Ena,Bartoletti,2019-1-30,2019-12-9 5:3:15,2019-12-9 5:3:15
129,Velma,Daugherty,2019-9-2,2019-12-9 4:34:33,2019-12-9 4:34:33
130,Maud,Runte,2019-11-16,2019-12-9 4:45:9,2019-12-9 4:45:9
131,Garland,Schuppe,2019-6-13,2019-12-8 12:10:56,2019-12-8 12:10:56
132,Ceasar,Bode,2019-1-23,2019-12-8 11:42:16,2019-12-8 11:42:16
133,Marques,Smitham,2019-9-29,2019-12-8 15:20:31,2019-12-8 15:20:31
134,Casimer,Schuster,2019-2-5,2019-12-8 19:9:51,2019-12-8 19:9:51
135,Fredy,Abbott,2019-4-16,2019-12-8 20:9:58,2019-12-8 20:9:58
136,Allison,Keebler,2019-11-17,2019-12-9 1:30:4,2019-12-9 1:30:4
137,King,Hermiston,2019-6-22,2019-12-9 9:47:19,2019-12-9 9:47:19
138,Adah,VonRueden,2019-8-16,2019-12-8 17:32:41,2019-12-8 17:32:41
139,Douglas,Rolfson,2019-3-1,2019-12-9 5:21:8,2019-12-9 5:21:8
140,Vada,Wuckert,2019-3-28,2019-12-8 12:32:31,2019-12-8 12:32:31
141,Cecil,Beer,2019-1-8,2019-12-9 1:55:16,2019-12-9 1:55:16
142,Zachary,Bernier,2019-9-15,2019-12-9 8:12:35,2019-12-9 8:12:35
143,Ludie,Miller,2019-11-8,2019-12-8 23:10:7,2019-12-8 23:10:7
144,Shana,Pollich,2019-8-16,2019-12-9 5:1:17,2019-12-9 5:1:17
145,Freddy,Lind,2019-7-4,2019-12-8 17:6:25,2019-12-8 17:6:25
146,Berry,Rosenbaum,2019-11-15,2019-12-9 1:48:37,2019-12-9 1:48:37
147,Micaela,Cronin,2019-9-24,2019-12-9 5:30:17,2019-12-9 5:30:17
148,Carmela,Runte,2019-9-28,2019-12-8 15:17:51,2019-12-8 15:17:51
149,Theodore,Schiller,2019-4-4,2019-12-9 6:14:37,2019-12-9 6:14:37
150,Maria,Senger,2019-7-3,2019-12-8 21:53:39,2019-12-8 21:53:39
151,Tyson,Kemmer,2019-6-25,2019-12-9 1:35:27,2019-12-9 1:35:27
152,Yvonne,West,2019-7-8,2019-12-9 3:24:3,2019-12-9 3:24:3
153,Craig,Effertz,2019-6-30,2019-12-9 11:7:9,2019-12-9 11:7:9
154,Leopoldo,Lang,2019-2-19,2019-12-8 16:43:17,2019-12-8 16:43:17
155,Garret,Hermiston,2019-11-13,2019-12-9 8:49:37,2019-12-9 8:49:37
156,Shaniya,Trantow,2019-4-21,2019-12-8 18:11:33,2019-12-8 18:11:33
157,Amelie,Doyle,2019-8-26,2019-12-8 22:47:2,2019-12-8 22:47:2
158,Joanie,Erdman,2019-10-31,2019-12-9 10:33:23,2019-12-9 10:33:23
159,Noemie,Kertzmann,2019-9-12,2019-12-9 0:45:57,2019-12-9 0:45:57
160,Ron,Hammes,2019-4-20,2019-12-8 15:41:47,2019-12-8 15:41:47
161,Eulah,Parisian,2018-12-25,2019-12-9 4:51:16,2019-12-9 4:51:16
162,Ariel,Herman,2019-1-7,2019-12-9 3:17:8,2019-12-9 3:17:8
163,Dolores,Botsford,2019-10-21,2019-12-8 16:12:27,2019-12-8 16:12:27
164,Stevie,Koepp,2019-8-30,2019-12-8 23:14:47,2019-12-8 23:14:47
165,Kendrick,Stracke,2018-12-15,2019-12-9 7:38:24,2019-12-9 7:38:24
166,Malachi,Durgan,2018-12-28,2019-12-9 1:16:45,2019-12-9 1:16:45
167,Toby,Hodkiewicz,2019-8-21,2019-12-8 23:2:8,2019-12-8 23:2:8
168,Bonnie,Bailey,2019-9-23,2019-12-8 18:21:55,2019-12-8 18:21:55
169,Loma,Wyman,2019-3-8,2019-12-8 14:27:35,2019-12-8 14:27:35
170,Zoe,Rau,2019-11-17,2019-12-9 7:37:20,2019-12-9 7:37:20
171,Jamaal,Stracke,2019-6-18,2019-12-9 6:4:59,2019-12-9 6:4:59
172,Unique,Abernathy,2019-4-10,2019-12-9 0:6:27,2019-12-9 0:6:27
173,Rosario,Abshire,2019-6-6,2019-12-8 21:45:30,2019-12-8 21:45:30
174,Gaston,Wisozk,2019-3-4,2019-12-9 7:8:50,2019-12-9 7:8:50
175,Dell,Schamberger,2019-2-25,2019-12-8 11:31:19,2019-12-8 11:31:19
176,Lori,Moore,2019-9-5,2019-12-9 9:55:7,2019-12-9 9:55:7
177,Adell,Bosco,2019-1-3,2019-12-9 3:8:18,2019-12-9 3:8:18
178,Roger,Kassulke,2019-4-11,2019-12-9 6:28:14,2019-12-9 6:28:14
179,Karolann,Feil,2019-11-8,2019-12-8 16:39:39,2019-12-8 16:39:39
180,Kurtis,Jaskolski,2019-6-29,2019-12-8 19:3:10,2019-12-8 19:3:10
181,Cecil,Barton,2019-6-2,2019-12-9 3:45:31,2019-12-9 3:45:31
182,Camden,Heller,2019-8-8,2019-12-9 10:13:16,2019-12-9 10:13:16
183,Mae,Nolan,2019-9-24,2019-12-8 16:17:37,2019-12-8 16:17:37
184,Lucinda,Cummerata,2019-3-18,2019-12-8 21:19:47,2019-12-8 21:19:47
185,Ryann,Collier,2019-3-18,2019-12-8 21:41:54,2019-12-8 21:41:54
186,Bailey,Luettgen,2018-12-25,2019-12-9 1:25:54,2019-12-9 1:25:54
187,Ariane,Bartell,2019-8-11,2019-12-9 2:14:44,2019-12-9 2:14:44
188,Adaline,Raynor,2019-8-16,2019-12-8 21:31:10,2019-12-8 21:31:10
189,Corene,Hilpert,2019-11-7,2019-12-9 9:56:23,2019-12-9 9:56:23
190,Darrel,Rodriguez,2019-5-23,2019-12-8 21:24:52,2019-12-8 21:24:52
191,Dusty,Bernier,2019-11-24,2019-12-9 6:7:47,2019-12-9 6:7:47
192,Carleton,Mayer,2019-3-8,2019-12-8 14:14:32,2019-12-8 14:14:32
193,Dimitri,Hirthe,2019-11-12,2019-12-9 9:16:9,2019-12-9 9:16:9
194,Jett,Gislason,2019-2-24,2019-12-9 6:6:46,2019-12-9 6:6:46
195,Breanne,Frami,2019-5-16,2019-12-9 11:9:52,2019-12-9 11:9:52
196,Nico,Abshire,2019-3-7,2019-12-8 21:16:33,2019-12-8 21:16:33
197,Dee,Rempel,2019-3-31,2019-12-8 22:7:29,2019-12-8 22:7:29
198,Edmond,Rosenbaum,2019-1-16,2019-12-9 3:5:13,2019-12-9 3:5:13
199,Alf,Heaney,2019-12-1,2019-12-8 19:24:41,2019-12-8 19:24:41
200,Dixie,Heathcote,2019-3-29,2019-12-9 9:44:39,2019-12-9 9:44:39
201,Shyanne,Waelchi,2019-2-3,2019-12-9 7:54:17,2019-12-9 7:54:17
202,Orion,Lockman,2019-11-13,2019-12-8 13:25:24,2019-12-8 13:25:24
203,Lea,Christiansen,2019-8-15,2019-12-8 12:45:7,2019-12-8 12:45:7
204,Loren,Rogahn,2019-12-2,2019-12-8 11:47:14,2019-12-8 11:47:14
205,Bernita,Dooley,2019-8-28,2019-12-9 9:21:54,2019-12-9 9:21:54
206,Meredith,Shields,2019-7-25,2019-12-8 16:22:45,2019-12-8 16:22:45
207,Guido,Wisozk,2019-3-11,2019-12-8 18:17:29,2019-12-8 18:17:29
208,Emory,Lowe,2019-1-28,2019-12-8 12:4:41,2019-12-8 12:4:41
209,Madaline,Hirthe,2019-6-13,2019-12-8 17:9:54,2019-12-8 17:9:54
210,Ned,Gaylord,2019-8-7,2019-12-9 0:17:36,2019-12-9 0:17:36
211,Candace,Ziemann,2019-8-5,2019-12-8 15:58:59,2019-12-8 15:58:59
212,Forest,VonRueden,2019-8-5,2019-12-8 20:17:8,2019-12-8 20:17:8
213,Sarai,Braun,2019-9-26,2019-12-9 2:10:1,2019-12-9 2:10:1
214,Johnnie,Dicki,2019-11-12,2019-12-9 1:25:42,2019-12-9 1:25:42
215,Maxine,Kohler,2019-8-10,2019-12-9 5:27:24,2019-12-9 5:27:24
216,Abigayle,Douglas,2019-2-24,2019-12-9 0:47:49,2019-12-9 0:47:49
217,Kenton,Armstrong,2019-6-17,2019-12-8 20:8:43,2019-12-8 20:8:43
218,Otto,Runolfsdottir,2019-6-15,2019-12-8 18:12:36,2019-12-8 18:12:36
219,Alexander,Klocko,2019-3-6,2019-12-9 7:2:51,2019-12-9 7:2:51
220,Howell,Renner,2019-8-7,2019-12-8 19:38:1,2019-12-8 19:38:1
221,Casandra,Kuhlman,2019-3-21,2019-12-9 8:20:6,2019-12-9 8:20:6
222,Garrett,Bartell,2019-5-7,2019-12-8 20:7:35,2019-12-8 20:7:35
223,Celestino,Gutkowski,2019-11-21,2019-12-9 7:8:43,2019-12-9 7:8:43
224,Rachel,Kreiger,2019-2-20,2019-12-8 20:22:45,2019-12-8 20:22:45
225,Ayden,Padberg,2019-11-30,2019-12-8 15:55:34,2019-12-8 15:55:34
226,Gisselle,Rippin,2019-2-5,2019-12-8 19:12:57,2019-12-8 19:12:57
227,General,Medhurst,2019-3-14,2019-12-9 3:22:16,2019-12-9 3:22:16
228,Pablo,Abshire,2019-1-15,2019-12-9 11:16:32,2019-12-9 11:16:32
229,Malachi,Sawayn,2019-8-31,2019-12-8 19:3:55,2019-12-8 19:3:55
230,Christiana,Schowalter,2019-5-29,2019-12-8 18:51:9,2019-12-8 18:51:9
231,Jairo,Reilly,2019-2-18,2019-12-9 1:29:53,2019-12-9 1:29:53
232,Adell,Rosenbaum,2019-7-23,2019-12-9 6:10:16,2019-12-9 6:10:16
233,Boyd,Considine,2019-4-21,2019-12-9 5:3:45,2019-12-9 5:3:45
234,Giuseppe,Hilll,2019-2-3,2019-12-8 22:59:17,2019-12-8 22:59:17
235,Lora,Predovic,2019-10-5,2019-12-8 17:33:11,2019-12-8 17:33:11
236,Miracle,Altenwerth,2019-4-10,2019-12-8 16:11:40,2019-12-8 16:11:40
237,Jettie,Lubowitz,2019-7-27,2019-12-8 18:17:54,2019-12-8 18:17:54
238,Mazie,Ernser,2019-10-7,2019-12-9 8:8:52,2019-12-9 8:8:52
239,Elroy,Marvin,2019-9-7,2019-12-8 22:0:53,2019-12-8 22:0:53
240,Caden,Goldner,2019-11-12,2019-12-9 10:20:14,2019-12-9 10:20:14
241,Vada,Hansen,2019-8-5,2019-12-9 0:42:46,2019-12-9 0:42:46
242,Isai,Auer,2019-9-23,2019-12-9 8:30:20,2019-12-9 8:30:20
243,Alysa,Kuhn,2019-11-16,2019-12-9 9:9:49,2019-12-9 9:9:49
244,Raphaelle,Dare,2019-2-18,2019-12-8 20:27:35,2019-12-8 20:27:35
245,Eusebio,Hayes,2019-5-23,2019-12-8 17:40:26,2019-12-8 17:40:26
246,Helmer,Lehner,2019-1-23,2019-12-9 2:47:23,2019-12-9 2:47:23
247,Jakob,Carroll,2019-6-4,2019-12-9 4:24:9,2019-12-9 4:24:9
248,Alexa,Barrows,2019-5-14,2019-12-8 16:23:53,2019-12-8 16:23:53
249,Ethel,Hegmann,2019-10-7,2019-12-8 15:34:11,2019-12-8 15:34:11
250,Grayson,Frami,2019-10-13,2019-12-9 0:28:51,2019-12-9 0:28:51
251,Jerome,Watsica,2019-10-23,2019-12-8 16:52:14,2019-12-8 16:52:14
252,Jimmie,Aufderhar,2019-11-8,2019-12-8 16:35:57,2019-12-8 16:35:57
253,Lyric,Pfeffer,2019-9-19,2019-12-8 22:10:52,2019-12-8 22:10:52
254,Micah,Kilback,2019-1-14,2019-12-8 22:18:36,2019-12-8 22:18:36
255,Brenda,Runolfsdottir,2019-4-10,2019-12-8 18:33:24,2019-12-8 18:33:24
256,Laila,Mayert,2019-6-22,2019-12-8 21:49:44,2019-12-8 21:49:44
257,Cassie,Mante,2019-7-16,2019-12-9 2:46:45,2019-12-9 2:46:45
258,Crystel,West,2019-9-24,2019-12-8 21:24:18,2019-12-8 21:24:18
259,Lawson,Bruen,2019-3-11,2019-12-9 11:12:31,2019-12-9 11:12:31
260,Darlene,Hudson,2019-10-15,2019-12-8 16:38:27,2019-12-8 16:38:27
261,Zoey,Torp,2019-5-21,2019-12-8 23:27:43,2019-12-8 23:27:43
262,Marlene,Feeney,2019-10-13,2019-12-8 14:33:13,2019-12-8 14:33:13
263,Craig,Huel,2018-12-29,2019-12-9 6:50:36,2019-12-9 6:50:36
264,Santa,Parker,2019-6-6,2019-12-9 5:16:24,2019-12-9 5:16:24
265,Vivienne,Konopelski,2019-7-20,2019-12-9 4:18:47,2019-12-9 4:18:47
266,Prince,Beer,2019-4-27,2019-12-8 21:17:31,2019-12-8 21:17:31
267,Helen,Carroll,2019-11-10,2019-12-8 15:47:18,2019-12-8 15:47:18
268,Mariah,Powlowski,2019-5-21,2019-12-9 6:57:41,2019-12-9 6:57:41
269,Jodie,Lockman,2019-2-7,2019-12-8 11:51:35,2019-12-8 11:51:35
270,Vince,Steuber,2019-7-14,2019-12-9 8:35:34,2019-12-9 8:35:34
271,Edd,Rowe,2019-3-8,2019-12-8 20:27:11,2019-12-8 20:27:11
272,Paolo,Gutmann,2019-7-22,2019-12-9 0:25:4,2019-12-9 0:25:4
273,Sydnee,Runolfsson,2019-2-16,2019-12-8 19:24:11,2019-12-8 19:24:11
274,Jan,Quigley,2019-1-9,2019-12-9 3:57:14,2019-12-9 3:57:14
275,Kaitlyn,Crist,2019-5-22,2019-12-9 6:14:28,2019-12-9 6:14:28
276,Yasmeen,Zulauf,2019-10-7,2019-12-8 19:28:26,2019-12-8 19:28:26
277,Nikki,Glover,2019-4-28,2019-12-8 18:53:39,2019-12-8 18:53:39
278,Gabriella,Marks,2019-7-17,2019-12-9 4:11:56,2019-12-9 4:11:56
279,Julius,Murray,2019-7-9,2019-12-8 20:3:45,2019-12-8 20:3:45
280,Juvenal,Carroll,2019-4-25,2019-12-9 9:28:31,2019-12-9 9:28:31
281,Demond,Bins,2019-10-17,2019-12-8 21:6:4,2019-12-8 21:6:4
282,Danika,Reichel,2019-1-8,2019-12-8 22:43:14,2019-12-8 22:43:14
283,Monserrat,Dooley,2019-8-6,2019-12-9 5:22:48,2019-12-9 5:22:48
284,Ansel,Lockman,2019-8-24,2019-12-9 0:0:6,2019-12-9 0:0:6
285,Kraig,Hyatt,2019-9-5,2019-12-9 8:52:49,2019-12-9 8:52:49
286,Barbara,Hahn,2019-8-9,2019-12-8 16:7:11,2019-12-8 16:7:11
287,Maya,Keeling,2019-11-10,2019-12-8 17:44:37,2019-12-8 17:44:37
288,Orland,Leannon,2019-10-24,2019-12-8 17:39:38,2019-12-8 17:39:38
289,Mackenzie,Mante,2019-5-17,2019-12-8 14:1:43,2019-12-8 14:1:43
290,Josefina,Bogan,2019-5-24,2019-12-9 11:5:37,2019-12-9 11:5:37
291,Cary,Hilll,2019-5-18,2019-12-8 21:30:32,2019-12-8 21:30:32
292,Bridie,West,2019-6-1,2019-12-8 15:3:4,2019-12-8 15:3:4
293,Orville,Green,2019-10-30,2019-12-9 4:37:30,2019-12-9 4:37:30
294,Nathanial,Mraz,2019-10-9,2019-12-8 18:59:4,2019-12-8 18:59:4
295,Megane,Will,2019-10-11,2019-12-9 7:10:54,2019-12-9 7:10:54
296,Donavon,Dietrich,2019-6-22,2019-12-8 18:50:45,2019-12-8 18:50:45
297,Hilma,Schaefer,2019-8-18,2019-12-9 7:1:12,2019-12-9 7:1:12
298,Brook,Vandervort,2019-6-25,2019-12-8 12:43:15,2019-12-8 12:43:15
299,Rod,Shields,2019-10-12,2019-12-8 20:40:49,2019-12-8 20:40:49
300,Lia,Kilback,2019-10-28,2019-12-8 16:1:20,2019-12-8 16:1:20
301,Susie,Watsica,2019-3-21,2019-12-8 18:58:51,2019-12-8 18:58:51
302,Zander,Cremin,2018-12-10,2019-12-9 5:42:1,2019-12-9 5:42:1
303,Tre,Boyle,2019-9-28,2019-12-8 18:59:48,2019-12-8 18:59:48
304,Arlene,Stamm,2019-2-15,2019-12-9 6:1:15,2019-12-9 6:1:15
305,Gisselle,Jones,2019-2-5,2019-12-8 15:18:21,2019-12-8 15:18:21
306,Blaise,Carter,2019-3-21,2019-12-8 16:57:18,2019-12-8 16:57:18
307,Santina,Dibbert,2019-11-28,2019-12-8 15:47:1,2019-12-8 15:47:1
308,Woodrow,Christiansen,2019-7-16,2019-12-9 7:47:0,2019-12-9 7:47:0
309,Beau,Legros,2019-7-19,2019-12-9 3:2:0,2019-12-9 3:2:0
310,Amiya,Walter,2019-5-8,2019-12-8 23:3:11,2019-12-8 23:3:11
311,Guy,Carroll,2018-12-16,2019-12-9 8:18:19,2019-12-9 8:18:19
312,Maritza,Bashirian,2019-2-19,2019-12-8 16:13:38,2019-12-8 16:13:38
313,Oren,Schamberger,2019-1-26,2019-12-8 20:7:13,2019-12-8 20:7:13
314,Rozella,Hegmann,2019-2-9,2019-12-8 17:24:46,2019-12-8 17:24:46
315,Georgianna,Kertzmann,2019-6-27,2019-12-8 20:37:4,2019-12-8 20:37:4
316,Giuseppe,Crona,2019-10-21,2019-12-8 21:8:58,2019-12-8 21:8:58
317,Elinor,Kihn,2019-8-10,2019-12-8 13:47:42,2019-12-8 13:47:42
318,Sterling,Gaylord,2019-11-14,2019-12-8 18:23:47,2019-12-8 18:23:47
319,Robbie,Fritsch,2019-11-30,2019-12-9 0:2:37,2019-12-9 0:2:37
320,Lorna,Bartell,2019-5-18,2019-12-8 22:27:16,2019-12-8 22:27:16
321,Isabell,Osinski,2019-5-5,2019-12-9 8:23:13,2019-12-9 8:23:13
322,Gaylord,McCullough,2019-9-25,2019-12-9 10:27:50,2019-12-9 10:27:50
323,Anais,Jakubowski,2019-4-3,2019-12-9 2:21:53,2019-12-9 2:21:53
324,Kip,Homenick,2019-6-20,2019-12-8 21:34:51,2019-12-8 21:34:51
325,Maxie,Spencer,2019-10-10,2019-12-9 3:6:49,2019-12-9 3:6:49
326,Alexandra,Daniel,2019-1-30,2019-12-9 6:46:24,2019-12-9 6:46:24
327,Jada,Hane,2019-3-2,2019-12-8 18:56:26,2019-12-8 18:56:26
328,Marques,Braun,2019-2-25,2019-12-9 8:28:44,2019-12-9 8:28:44
329,Kaleb,Kilback,2019-11-18,2019-12-9 9:26:43,2019-12-9 9:26:43
330,Susanna,Monahan,2019-5-8,2019-12-9 6:32:57,2019-12-9 6:32:57
331,Wilber,Kris,2019-7-3,2019-12-8 22:35:38,2019-12-8 22:35:38
332,Casandra,Daniel,2019-12-1,2019-12-9 10:31:28,2019-12-9 10:31:28
333,Rasheed,Waters,2019-4-16,2019-12-9 11:4:44,2019-12-9 11:4:44
334,Ben,Runolfsdottir,2019-7-9,2019-12-9 0:5:4,2019-12-9 0:5:4
335,Mitchel,Farrell,2018-12-27,2019-12-9 6:15:41,2019-12-9 6:15:41
336,Brooke,Ledner,2019-5-26,2019-12-9 3:33:34,2019-12-9 3:33:34
337,Xander,Huels,2019-7-26,2019-12-9 3:38:1,2019-12-9 3:38:1
338,Laurence,Cassin,2019-8-4,2019-12-8 23:13:47,2019-12-8 23:13:47
339,Paolo,Leffler,2019-3-19,2019-12-8 16:41:7,2019-12-8 16:41:7
340,Lexus,Aufderhar,2019-1-16,2019-12-8 21:46:4,2019-12-8 21:46:4
341,Taurean,Kub,2018-12-21,2019-12-9 3:16:34,2019-12-9 3:16:34
342,Karolann,McLaughlin,2019-1-31,2019-12-9 2:35:9,2019-12-9 2:35:9
343,Aaliyah,Hyatt,2019-8-26,2019-12-8 12:35:14,2019-12-8 12:35:14
344,Dawn,Dibbert,2019-11-21,2019-12-8 13:41:22,2019-12-8 13:41:22
345,Georgianna,Goodwin,2019-5-26,2019-12-8 12:24:31,2019-12-8 12:24:31
346,Sedrick,Collins,2019-8-20,2019-12-8 19:53:48,2019-12-8 19:53:48
347,Elsie,Kling,2018-12-24,2019-12-9 5:5:42,2019-12-9 5:5:42
348,Dalton,Daugherty,2019-4-20,2019-12-9 7:4:32,2019-12-9 7:4:32
349,Madie,Nader,2019-6-26,2019-12-9 6:19:52,2019-12-9 6:19:52
350,Abelardo,Price,2019-1-9,2019-12-8 11:22:56,2019-12-8 11:22:56
351,Mathias,Klocko,2019-6-24,2019-12-8 22:0:26,2019-12-8 22:0:26
352,Joana,Metz,2018-12-10,2019-12-8 19:17:24,2019-12-8 19:17:24
353,Eladio,Leuschke,2019-1-1,2019-12-8 12:31:15,2019-12-8 12:31:15
354,Pattie,Conroy,2019-9-3,2019-12-8 18:15:43,2019-12-8 18:15:43
355,Abel,Bartell,2018-12-13,2019-12-8 15:49:38,2019-12-8 15:49:38
356,Mercedes,Graham,2019-6-27,2019-12-8 22:9:44,2019-12-8 22:9:44
357,Alberta,Rosenbaum,2019-8-3,2019-12-8 14:51:39,2019-12-8 14:51:39
358,Bruce,Collins,2019-2-15,2019-12-8 11:21:46,2019-12-8 11:21:46
359,Gloria,Hahn,2018-12-15,2019-12-9 1:45:34,2019-12-9 1:45:34
360,Noel,Yost,2019-11-15,2019-12-9 8:15:25,2019-12-9 8:15:25
361,Quincy,Hintz,2019-11-13,2019-12-9 1:16:15,2019-12-9 1:16:15
362,Kieran,Bergstrom,2019-4-8,2019-12-9 9:40:54,2019-12-9 9:40:54
363,Jennyfer,Block,2019-2-19,2019-12-8 22:19:34,2019-12-8 22:19:34
364,Rhianna,Tromp,2019-3-23,2019-12-9 8:2:4,2019-12-9 8:2:4
365,Kiara,White,2019-5-28,2019-12-8 21:48:48,2019-12-8 21:48:48
366,Stefanie,Hintz,2019-5-20,2019-12-8 16:35:0,2019-12-8 16:35:0
367,Elise,Rempel,2019-10-20,2019-12-8 12:36:57,2019-12-8 12:36:57
368,Shania,Larson,2019-9-25,2019-12-9 2:18:26,2019-12-9 2:18:26
369,Jerry,Bailey,2019-8-26,2019-12-9 7:46:56,2019-12-9 7:46:56
370,Kianna,Goodwin,2019-6-25,2019-12-8 19:23:57,2019-12-8 19:23:57
371,Angelo,Reilly,2019-8-6,2019-12-8 19:20:49,2019-12-8 19:20:49
372,Gerald,Oberbrunner,2019-8-10,2019-12-8 15:6:56,2019-12-8 15:6:56
373,Tyrese,Koepp,2019-1-23,2019-12-8 15:32:27,2019-12-8 15:32:27
374,Bridie,Steuber,2019-4-2,2019-12-8 16:25:25,2019-12-8 16:25:25
375,Lambert,Lind,2019-11-12,2019-12-8 21:5:22,2019-12-8 21:5:22
376,Immanuel,Brown,2019-4-8,2019-12-8 18:9:45,2019-12-8 18:9:45
377,Breana,Gutkowski,2019-7-15,2019-12-8 22:39:5,2019-12-8 22:39:5
378,Kiley,Halvorson,2019-7-8,2019-12-8 11:36:1,2019-12-8 11:36:1
379,Geoffrey,Cremin,2019-7-6,2019-12-8 20:35:5,2019-12-8 20:35:5
380,Carlee,Hayes,2019-7-8,2019-12-8 12:10:44,2019-12-8 12:10:44
381,Idella,Braun,2019-9-14,2019-12-9 7:17:51,2019-12-9 7:17:51
382,Kyra,Treutel,2019-5-26,2019-12-8 19:34:46,2019-12-8 19:34:46
383,Carlee,Weissnat,2019-4-11,2019-12-8 18:39:6,2019-12-8 18:39:6
384,Felton,Franecki,2019-7-19,2019-12-9 9:58:8,2019-12-9 9:58:8
385,Malika,Cummerata,2019-11-11,2019-12-8 13:19:27,2019-12-8 13:19:27
386,Angie,Abshire,2019-6-8,2019-12-8 11:37:44,2019-12-8 11:37:44
387,Theresa,Bechtelar,2019-8-20,2019-12-9 9:59:44,2019-12-9 9:59:44
388,Javonte,Mraz,2019-7-9,2019-12-8 20:44:44,2019-12-8 20:44:44
389,Katharina,Bashirian,2019-2-12,2019-12-9 5:8:20,2019-12-9 5:8:20
390,Beatrice,Roob,2019-6-13,2019-12-8 21:0:6,2019-12-8 21:0:6
391,Lucius,Herman,2019-3-20,2019-12-9 4:41:26,2019-12-9 4:41:26
392,Baby,Hahn,2019-1-22,2019-12-8 18:44:12,2019-12-8 18:44:12
393,Wilbert,Johns,2019-8-20,2019-12-9 5:10:21,2019-12-9 5:10:21
394,Rico,Keeling,2019-6-2,2019-12-8 13:10:25,2019-12-8 13:10:25
395,Milo,Leannon,2019-8-12,2019-12-9 5:45:55,2019-12-9 5:45:55
396,Jaylan,McCullough,2019-4-20,2019-12-9 8:6:7,2019-12-9 8:6:7
397,Chandler,Dietrich,2019-8-27,2019-12-9 9:50:31,2019-12-9 9:50:31
398,River,Schulist,2018-12-15,2019-12-8 21:39:3,2019-12-8 21:39:3
399,Kris,Schiller,2019-1-26,2019-12-8 19:47:50,2019-12-8 19:47:50
400,Franz,Boyle,2019-10-8,2019-12-8 22:49:23,2019-12-8 22:49:23
401,Rodrick,Pollich,2019-1-9,2019-12-9 5:28:48,2019-12-9 5:28:48
402,Destin,Oberbrunner,2019-2-3,2019-12-8 23:43:35,2019-12-8 23:43:35
403,Helene,Beahan,2019-6-17,2019-12-8 13:27:7,2019-12-8 13:27:7
404,Easter,Runolfsson,2019-6-1,2019-12-9 8:31:58,2019-12-9 8:31:58
405,Chase,Stracke,2019-1-1,2019-12-8 12:3:7,2019-12-8 12:3:7
406,Barrett,Tremblay,2019-1-25,2019-12-9 9:13:32,2019-12-9 9:13:32
407,Sonya,Marquardt,2019-6-11,2019-12-8 12:36:41,2019-12-8 12:36:41
408,Joy,Strosin,2019-10-17,2019-12-9 7:38:32,2019-12-9 7:38:32
409,Beverly,Auer,2019-3-15,2019-12-9 7:27:25,2019-12-9 7:27:25
410,Lauriane,Beahan,2019-11-14,2019-12-9 0:22:57,2019-12-9 0:22:57
411,Dallas,Lind,2019-5-17,2019-12-8 17:11:27,2019-12-8 17:11:27
412,Mckenzie,Fahey,2019-8-25,2019-12-8 16:29:30,2019-12-8 16:29:30
413,Jacklyn,Raynor,2019-9-19,2019-12-9 10:55:48,2019-12-9 10:55:48
414,Vergie,Zboncak,2019-11-7,2019-12-8 22:10:9,2019-12-8 22:10:9
415,Carmela,Heidenreich,2019-11-27,2019-12-8 14:51:30,2019-12-8 14:51:30
416,Hans,Treutel,2019-7-12,2019-12-8 15:52:15,2019-12-8 15:52:15
417,Dina,Lockman,2019-2-27,2019-12-9 9:48:55,2019-12-9 9:48:55
418,Noble,Adams,2019-11-6,2019-12-8 14:49:59,2019-12-8 14:49:59
419,Winston,Wyman,2019-7-28,2019-12-8 17:40:31,2019-12-8 17:40:31
420,Taryn,Dach,2019-5-4,2019-12-9 10:41:50,2019-12-9 10:41:50
421,Taurean,Wilkinson,2019-6-22,2019-12-8 11:44:6,2019-12-8 11:44:6
422,Donna,Steuber,2019-10-10,2019-12-9 7:52:53,2019-12-9 7:52:53
423,Gilberto,Gerhold,2019-4-13,2019-12-9 5:57:48,2019-12-9 5:57:48
424,Eulah,Ernser,2019-4-27,2019-12-9 11:13:53,2019-12-9 11:13:53
425,Betsy,Schneider,2019-2-16,2019-12-8 17:5:0,2019-12-8 17:5:0
426,Alysson,Koch,2019-4-27,2019-12-9 8:17:48,2019-12-9 8:17:48
427,Serena,Veum,2019-3-12,2019-12-9 7:19:38,2019-12-9 7:19:38
428,Luigi,Hessel,2019-4-18,2019-12-9 9:9:6,2019-12-9 9:9:6
429,Gavin,Koss,2019-7-4,2019-12-9 9:30:59,2019-12-9 9:30:59
430,Stephon,Lehner,2019-7-25,2019-12-8 22:47:57,2019-12-8 22:47:57
431,Creola,Cormier,2019-1-3,2019-12-9 8:14:34,2019-12-9 8:14:34
432,Amely,Swaniawski,2019-9-16,2019-12-9 2:59:48,2019-12-9 2:59:48
433,Ellen,Hartmann,2019-11-20,2019-12-9 9:17:51,2019-12-9 9:17:51
434,Molly,Adams,2019-7-20,2019-12-9 3:39:52,2019-12-9 3:39:52
435,Percy,Cronin,2019-4-18,2019-12-8 17:45:24,2019-12-8 17:45:24
436,Anastacio,Strosin,2019-5-20,2019-12-9 7:2:16,2019-12-9 7:2:16
437,Giovani,Marks,2019-6-6,2019-12-9 9:2:14,2019-12-9 9:2:14
438,Sonya,Keeling,2018-12-19,2019-12-8 21:6:19,2019-12-8 21:6:19
439,Jacques,Howell,2019-8-13,2019-12-8 16:37:6,2019-12-8 16:37:6
440,Dakota,Morissette,2018-12-14,2019-12-8 16:13:50,2019-12-8 16:13:50
441,Cleora,Auer,2019-2-26,2019-12-9 4:16:17,2019-12-9 4:16:17
442,Diego,Fritsch,2019-3-21,2019-12-9 10:58:8,2019-12-9 10:58:8
443,Casper,Ortiz,2019-3-17,2019-12-8 15:45:35,2019-12-8 15:45:35
444,Gaston,Feeney,2019-7-21,2019-12-8 12:25:6,2019-12-8 12:25:6
445,Antone,Murray,2019-5-21,2019-12-8 18:56:31,2019-12-8 18:56:31
446,Emanuel,Hansen,2019-4-21,2019-12-9 5:49:20,2019-12-9 5:49:20
447,Damion,Hickle,2018-12-22,2019-12-8 11:50:50,2019-12-8 11:50:50
448,Erna,Kuhn,2019-8-9,2019-12-9 2:24:35,2019-12-9 2:24:35
449,Mafalda,Greenholt,2019-10-1,2019-12-8 20:7:8,2019-12-8 20:7:8
450,Tyrell,Lind,2019-8-8,2019-12-8 23:29:51,2019-12-8 23:29:51
451,Audra,Kassulke,2019-11-19,2019-12-8 23:14:47,2019-12-8 23:14:47
452,Liliana,Cronin,2019-2-17,2019-12-9 9:15:10,2019-12-9 9:15:10
453,Riley,Schroeder,2019-4-6,2019-12-9 7:25:18,2019-12-9 7:25:18
454,Rey,Stracke,2019-1-5,2019-12-9 5:52:41,2019-12-9 5:52:41
455,Charlie,Schulist,2019-7-5,2019-12-8 19:49:42,2019-12-8 19:49:42
456,Clotilde,Gerlach,2019-12-4,2019-12-8 22:13:29,2019-12-8 22:13:29
457,Birdie,Strosin,2019-4-5,2019-12-8 16:31:23,2019-12-8 16:31:23
458,Janae,Jerde,2019-6-3,2019-12-9 4:0:50,2019-12-9 4:0:50
459,Reed,Hudson,2019-10-22,2019-12-9 9:56:7,2019-12-9 9:56:7
460,Maximillian,Bailey,2019-9-10,2019-12-9 0:25:10,2019-12-9 0:25:10
461,Keely,Stehr,2019-4-27,2019-12-9 0:39:32,2019-12-9 0:39:32
462,Shyanne,Macejkovic,2019-3-13,2019-12-8 11:30:20,2019-12-8 11:30:20
463,Raymundo,Smith,2019-2-6,2019-12-9 2:15:1,2019-12-9 2:15:1
464,Austyn,Kautzer,2019-8-25,2019-12-9 8:5:22,2019-12-9 8:5:22
465,Ike,Runolfsson,2018-12-25,2019-12-9 2:8:55,2019-12-9 2:8:55
466,Syble,Nolan,2019-7-27,2019-12-9 7:18:52,2019-12-9 7:18:52
467,Marlin,Stracke,2019-9-22,2019-12-8 21:26:0,2019-12-8 21:26:0
468,Ervin,Greenholt,2019-4-19,2019-12-8 19:7:11,2019-12-8 19:7:11
469,Agustin,Carroll,2019-10-26,2019-12-8 12:58:9,2019-12-8 12:58:9
470,Allison,McGlynn,2019-11-30,2019-12-9 3:51:46,2019-12-9 3:51:46
471,Alayna,Harvey,2019-9-2,2019-12-8 19:16:32,2019-12-8 19:16:32
472,Sharon,Lubowitz,2019-5-19,2019-12-9 1:26:37,2019-12-9 1:26:37
473,Felicita,Beier,2019-10-3,2019-12-9 0:48:44,2019-12-9 0:48:44
474,Osbaldo,Wunsch,2018-12-21,2019-12-9 4:52:58,2019-12-9 4:52:58
475,Sonya,Hilll,2019-1-31,2019-12-8 11:36:53,2019-12-8 11:36:53
476,Kyler,Haag,2019-12-3,2019-12-8 17:58:10,2019-12-8 17:58:10
477,Iliana,Konopelski,2019-5-11,2019-12-9 6:12:46,2019-12-9 6:12:46
478,Roel,Kovacek,2018-12-21,2019-12-8 22:41:27,2019-12-8 22:41:27
479,Margie,Goldner,2019-10-27,2019-12-9 6:50:50,2019-12-9 6:50:50
480,Summer,Jast,2019-8-7,2019-12-9 5:35:25,2019-12-9 5:35:25
481,Laura,Strosin,2019-6-27,2019-12-9 10:12:0,2019-12-9 10:12:0
482,Tanner,Bernhard,2019-8-21,2019-12-8 19:17:55,2019-12-8 19:17:55
483,Neha,Casper,2019-3-13,2019-12-9 3:27:33,2019-12-9 3:27:33
484,Ocie,Runolfsdottir,2019-3-2,2019-12-9 7:15:26,2019-12-9 7:15:26
485,Delilah,Hessel,2019-5-7,2019-12-9 9:42:24,2019-12-9 9:42:24
486,Berry,Larson,2019-10-9,2019-12-8 12:52:18,2019-12-8 12:52:18
487,Vincent,White,2019-10-11,2019-12-8 21:48:9,2019-12-8 21:48:9
488,Josh,Morar,2018-12-28,2019-12-8 17:16:6,2019-12-8 17:16:6
489,Kristina,Cremin,2019-4-28,2019-12-8 20:16:34,2019-12-8 20:16:34
490,Mathias,Haag,2019-4-21,2019-12-8 14:42:9,2019-12-8 14:42:9
491,Josh,Kerluke,2019-1-18,2019-12-9 9:44:5,2019-12-9 9:44:5
492,Dorothea,Mayer,2019-6-16,2019-12-8 22:36:15,2019-12-8 22:36:15
493,Yasmeen,Wuckert,2019-9-18,2019-12-8 14:6:42,2019-12-8 14:6:42
494,Bridget,Russel,2019-2-11,2019-12-8 18:4:4,2019-12-8 18:4:4
495,Mckenna,DuBuque,2019-11-22,2019-12-8 21:20:0,2019-12-8 21:20:0
496,Elody,Yost,2019-4-6,2019-12-8 14:5:23,2019-12-8 14:5:23
497,Erna,"O'Reilly",2019-6-16,2019-12-8 23:29:8,2019-12-8 23:29:8
498,Georgette,Koch,2019-11-3,2019-12-8 23:40:50,2019-12-8 23:40:50
499,Lon,Johnson,2019-2-14,2019-12-8 11:35:31,2019-12-8 11:35:31
500,Eudora,Kozey,2019-3-21,2019-12-9 8:4:5,2019-12-9 8:4:5
501,Thad,Yost,2019-6-22,2019-12-8 16:29:26,2019-12-8 16:29:26
502,Leopoldo,Prohaska,2019-12-7,2019-12-8 12:32:31,2019-12-8 12:32:31
503,Hassie,Smith,2019-6-29,2019-12-8 13:45:24,2019-12-8 13:45:24
504,Agustin,Howe,2018-12-20,2019-12-8 19:35:30,2019-12-8 19:35:30
505,Oswaldo,Kunde,2019-8-16,2019-12-9 3:38:43,2019-12-9 3:38:43
506,Lon,Kovacek,2019-7-21,2019-12-8 12:44:38,2019-12-8 12:44:38
507,Rosalind,VonRueden,2019-3-28,2019-12-9 5:32:20,2019-12-9 5:32:20
508,Dominic,Franecki,2019-6-20,2019-12-9 5:27:16,2019-12-9 5:27:16
509,Kennedy,Douglas,2019-3-23,2019-12-8 21:17:41,2019-12-8 21:17:41
510,Diamond,Carroll,2019-10-10,2019-12-8 20:41:53,2019-12-8 20:41:53
511,Frankie,Schulist,2019-3-15,2019-12-8 20:26:20,2019-12-8 20:26:20
512,Sienna,Schaden,2019-6-28,2019-12-9 8:55:8,2019-12-9 8:55:8
513,Kelsi,Yost,2019-5-25,2019-12-9 3:47:18,2019-12-9 3:47:18
514,Titus,Gutkowski,2019-3-20,2019-12-9 3:0:56,2019-12-9 3:0:56
515,Eda,Muller,2019-4-10,2019-12-8 14:26:54,2019-12-8 14:26:54
516,Patricia,Rogahn,2019-11-16,2019-12-9 7:18:12,2019-12-9 7:18:12
517,Marcia,Purdy,2019-2-4,2019-12-8 20:28:58,2019-12-8 20:28:58
518,Dalton,Tromp,2019-1-5,2019-12-8 21:16:14,2019-12-8 21:16:14
519,Sydney,Heller,2019-2-18,2019-12-9 0:9:1,2019-12-9 0:9:1
520,Stefanie,Ernser,2019-11-30,2019-12-9 1:18:42,2019-12-9 1:18:42
521,Enoch,Wiza,2019-2-20,2019-12-8 23:58:40,2019-12-8 23:58:40
522,Leora,Parisian,2019-1-14,2019-12-9 5:37:48,2019-12-9 5:37:48
523,Cornell,Quigley,2019-9-21,2019-12-8 18:50:55,2019-12-8 18:50:55
524,Vito,Schowalter,2019-1-19,2019-12-8 15:4:19,2019-12-8 15:4:19
525,Freda,Zemlak,2019-6-8,2019-12-9 2:37:55,2019-12-9 2:37:55
526,Andres,Fisher,2019-4-8,2019-12-9 5:11:18,2019-12-9 5:11:18
527,Xzavier,Mitchell,2019-3-12,2019-12-8 14:4:31,2019-12-8 14:4:31
528,Carlie,Moore,2018-12-28,2019-12-8 16:35:49,2019-12-8 16:35:49
529,Darlene,Mayer,2019-8-29,2019-12-9 10:51:29,2019-12-9 10:51:29
530,Wellington,Bailey,2019-2-19,2019-12-9 6:7:36,2019-12-9 6:7:36
531,Ladarius,Wisozk,2019-6-26,2019-12-9 1:0:8,2019-12-9 1:0:8
532,Muhammad,Jacobson,2019-2-5,2019-12-8 11:32:38,2019-12-8 11:32:38
533,Jevon,Donnelly,2019-9-22,2019-12-8 19:14:47,2019-12-8 19:14:47
534,Sam,Cassin,2019-6-5,2019-12-9 7:40:47,2019-12-9 7:40:47
535,Marjorie,Morar,2019-5-24,2019-12-9 9:18:57,2019-12-9 9:18:57
536,Briana,Smith,2019-2-8,2019-12-9 2:54:39,2019-12-9 2:54:39
537,Jessie,Thiel,2019-1-17,2019-12-8 15:49:34,2019-12-8 15:49:34
538,Cindy,Medhurst,2019-1-7,2019-12-8 21:17:51,2019-12-8 21:17:51
539,Shane,Heidenreich,2019-2-15,2019-12-8 23:52:18,2019-12-8 23:52:18
540,Jaycee,Bayer,2019-5-14,2019-12-9 7:10:52,2019-12-9 7:10:52
541,Fleta,Cruickshank,2019-6-18,2019-12-9 2:5:37,2019-12-9 2:5:37
542,Vida,Johns,2019-9-23,2019-12-8 14:49:31,2019-12-8 14:49:31
543,Aliyah,Rempel,2019-8-26,2019-12-8 23:6:48,2019-12-8 23:6:48
544,Rasheed,Toy,2019-3-28,2019-12-8 14:52:27,2019-12-8 14:52:27
545,Emiliano,Bechtelar,2019-9-6,2019-12-9 2:16:14,2019-12-9 2:16:14
546,Irma,Pacocha,2019-10-1,2019-12-9 3:3:35,2019-12-9 3:3:35
547,Stephania,Hahn,2019-2-8,2019-12-8 22:48:11,2019-12-8 22:48:11
548,Demetris,Huel,2019-3-24,2019-12-9 10:11:14,2019-12-9 10:11:14
549,Heaven,Mohr,2019-5-15,2019-12-9 10:29:27,2019-12-9 10:29:27
550,Retha,Johnson,2019-1-1,2019-12-9 3:37:39,2019-12-9 3:37:39
551,Helmer,Mills,2019-4-10,2019-12-9 3:1:58,2019-12-9 3:1:58
552,Kamren,Gleason,2019-1-24,2019-12-9 1:38:9,2019-12-9 1:38:9
553,Nova,Feeney,2019-9-29,2019-12-8 19:28:36,2019-12-8 19:28:36
554,Lamar,Cole,2019-6-29,2019-12-8 13:27:26,2019-12-8 13:27:26
555,Ozella,Beatty,2019-10-5,2019-12-8 11:43:23,2019-12-8 11:43:23
556,Gardner,Ferry,2019-1-18,2019-12-8 21:6:27,2019-12-8 21:6:27
557,Desmond,Hills,2019-9-29,2019-12-8 21:9:59,2019-12-8 21:9:59
558,Andy,Douglas,2018-12-11,2019-12-9 1:41:59,2019-12-9 1:41:59
559,Lulu,Schowalter,2019-2-22,2019-12-9 2:31:6,2019-12-9 2:31:6
560,Kareem,Jacobi,2019-7-14,2019-12-8 18:50:47,2019-12-8 18:50:47
561,Lela,Roob,2019-7-6,2019-12-8 12:51:55,2019-12-8 12:51:55
562,Kaitlyn,Daniel,2019-3-16,2019-12-9 0:44:2,2019-12-9 0:44:2
563,Amir,Reinger,2019-2-8,2019-12-8 18:12:19,2019-12-8 18:12:19
564,Lazaro,Hermann,2019-4-16,2019-12-9 1:30:14,2019-12-9 1:30:14
565,Chaim,Zemlak,2019-10-12,2019-12-8 12:52:25,2019-12-8 12:52:25
566,Lina,Marquardt,2019-6-12,2019-12-9 0:41:25,2019-12-9 0:41:25
567,Roel,Beer,2019-5-4,2019-12-8 23:54:12,2019-12-8 23:54:12
568,Shanny,Johnson,2019-8-31,2019-12-9 10:36:6,2019-12-9 10:36:6
569,Delia,Veum,2019-12-8,2019-12-8 12:13:39,2019-12-8 12:13:39
570,Oswaldo,Johns,2019-10-19,2019-12-8 15:4:25,2019-12-8 15:4:25
571,Savanna,Brekke,2018-12-16,2019-12-8 17:32:12,2019-12-8 17:32:12
572,Gerardo,Trantow,2019-7-7,2019-12-8 12:16:45,2019-12-8 12:16:45
573,Bernard,Bauch,2019-10-6,2019-12-8 22:49:8,2019-12-8 22:49:8
574,Jerad,Hoppe,2018-12-11,2019-12-8 20:42:35,2019-12-8 20:42:35
575,Tatyana,Greenholt,2019-9-30,2019-12-9 5:52:35,2019-12-9 5:52:35
576,Nicolette,Turner,2019-9-11,2019-12-8 14:1:51,2019-12-8 14:1:51
577,Ignatius,Champlin,2019-11-26,2019-12-8 12:50:14,2019-12-8 12:50:14
578,Francesca,Beatty,2019-11-13,2019-12-8 17:6:4,2019-12-8 17:6:4
579,Elton,Bogan,2019-3-25,2019-12-8 21:58:33,2019-12-8 21:58:33
580,Syble,Smitham,2019-4-26,2019-12-9 8:14:12,2019-12-9 8:14:12
581,Bernard,McGlynn,2019-5-31,2019-12-9 10:23:1,2019-12-9 10:23:1
582,Ceasar,Mertz,2019-3-20,2019-12-8 12:53:31,2019-12-8 12:53:31
583,Israel,Parker,2019-6-7,2019-12-8 15:26:35,2019-12-8 15:26:35
584,Rita,Kuhic,2019-5-8,2019-12-9 5:1:0,2019-12-9 5:1:0
585,Micheal,Jacobs,2019-11-25,2019-12-8 21:16:14,2019-12-8 21:16:14
586,Crystel,Weissnat,2019-7-8,2019-12-8 12:20:16,2019-12-8 12:20:16
587,Paolo,Mraz,2019-1-7,2019-12-9 9:51:2,2019-12-9 9:51:2
588,Hollie,Weber,2019-6-14,2019-12-9 3:51:11,2019-12-9 3:51:11
589,Shane,Pacocha,2019-8-17,2019-12-8 17:9:33,2019-12-8 17:9:33
590,Clementina,Murazik,2019-11-30,2019-12-8 11:53:27,2019-12-8 11:53:27
591,Beulah,Oberbrunner,2019-8-7,2019-12-9 1:45:26,2019-12-9 1:45:26
592,Brian,Kuvalis,2019-3-14,2019-12-9 8:10:5,2019-12-9 8:10:5
593,Kattie,Weimann,2019-6-10,2019-12-9 0:23:14,2019-12-9 0:23:14
594,Doug,Fahey,2019-10-18,2019-12-9 11:12:23,2019-12-9 11:12:23
595,Macie,Harber,2019-7-14,2019-12-9 3:30:50,2019-12-9 3:30:50
596,Francisca,Jacobi,2019-2-19,2019-12-9 5:23:42,2019-12-9 5:23:42
597,Simone,Kautzer,2019-12-2,2019-12-8 12:32:52,2019-12-8 12:32:52
598,Brandon,"D'Amore",2019-6-26,2019-12-8 14:12:57,2019-12-8 14:12:57
599,Thora,Schamberger,2019-1-27,2019-12-8 19:36:10,2019-12-8 19:36:10
600,Damian,Legros,2019-5-15,2019-12-8 20:2:10,2019-12-8 20:2:10
601,Elian,Emard,2019-8-1,2019-12-9 7:2:52,2019-12-9 7:2:52
602,Jesus,Hahn,2019-11-17,2019-12-9 3:37:47,2019-12-9 3:37:47
603,Caterina,Schuppe,2019-11-6,2019-12-9 1:14:14,2019-12-9 1:14:14
604,Cullen,Marquardt,2019-9-6,2019-12-9 2:28:16,2019-12-9 2:28:16
605,Ezra,Donnelly,2019-4-19,2019-12-8 16:9:45,2019-12-8 16:9:45
606,Walton,Weimann,2019-9-24,2019-12-8 22:19:56,2019-12-8 22:19:56
607,Wilhelmine,Larson,2019-8-16,2019-12-8 15:1:32,2019-12-8 15:1:32
608,Leone,Cole,2019-8-4,2019-12-9 0:38:23,2019-12-9 0:38:23
609,Vicenta,Conroy,2019-9-27,2019-12-9 10:34:50,2019-12-9 10:34:50
610,Elinore,Emmerich,2019-5-15,2019-12-9 6:28:11,2019-12-9 6:28:11
611,Kallie,Weber,2019-9-2,2019-12-8 12:14:32,2019-12-8 12:14:32
612,Saige,Klein,2019-4-6,2019-12-8 22:53:21,2019-12-8 22:53:21
613,Lilla,Anderson,2019-5-1,2019-12-9 10:44:11,2019-12-9 10:44:11
614,Addie,Senger,2019-11-6,2019-12-9 0:7:23,2019-12-9 0:7:23
615,Gordon,Cormier,2019-7-11,2019-12-8 17:4:55,2019-12-8 17:4:55
616,Tomas,Kautzer,2019-4-1,2019-12-8 20:52:12,2019-12-8 20:52:12
617,Jarrell,Kirlin,2019-3-27,2019-12-9 4:36:50,2019-12-9 4:36:50
618,King,Greenholt,2019-10-31,2019-12-9 5:31:51,2019-12-9 5:31:51
619,Karlie,Stokes,2019-10-21,2019-12-9 11:7:49,2019-12-9 11:7:49
620,Annamae,Kreiger,2019-11-3,2019-12-9 1:11:19,2019-12-9 1:11:19
621,Benjamin,McLaughlin,2019-11-27,2019-12-9 7:25:21,2019-12-9 7:25:21
622,Rosalee,Keebler,2019-4-27,2019-12-9 4:24:34,2019-12-9 4:24:34
623,Nannie,Brekke,2019-3-3,2019-12-8 14:53:34,2019-12-8 14:53:34
624,Serena,Gutmann,2019-7-22,2019-12-8 21:32:55,2019-12-8 21:32:55
625,Tara,Klocko,2019-6-27,2019-12-9 4:4:13,2019-12-9 4:4:13
626,Henriette,Walter,2019-3-8,2019-12-9 5:24:25,2019-12-9 5:24:25
627,Maynard,Keeling,2019-1-16,2019-12-8 12:25:48,2019-12-8 12:25:48
628,Madisyn,Baumbach,2019-3-14,2019-12-9 1:7:54,2019-12-9 1:7:54
629,Emil,Hammes,2019-6-15,2019-12-9 7:15:5,2019-12-9 7:15:5
630,Major,Schamberger,2019-8-26,2019-12-9 8:49:53,2019-12-9 8:49:53
631,Candelario,Sanford,2019-7-5,2019-12-8 12:44:55,2019-12-8 12:44:55
632,Janet,Kilback,2019-8-1,2019-12-9 5:33:6,2019-12-9 5:33:6
633,Whitney,Harris,2019-6-13,2019-12-8 14:45:41,2019-12-8 14:45:41
634,Virginia,Dicki,2019-7-15,2019-12-8 22:58:53,2019-12-8 22:58:53
635,Jaden,Casper,2019-8-19,2019-12-9 8:51:29,2019-12-9 8:51:29
636,Nora,Klocko,2019-1-13,2019-12-9 8:13:48,2019-12-9 8:13:48
637,Abigayle,Gulgowski,2019-7-25,2019-12-9 4:44:58,2019-12-9 4:44:58
638,Tamia,Waelchi,2019-1-14,2019-12-9 6:8:12,2019-12-9 6:8:12
639,Ophelia,Bode,2019-7-10,2019-12-9 11:4:32,2019-12-9 11:4:32
640,Emiliano,Padberg,2019-3-15,2019-12-9 10:3:12,2019-12-9 10:3:12
641,Kay,Gusikowski,2019-9-4,2019-12-9 0:42:18,2019-12-9 0:42:18
642,Leta,Becker,2019-2-9,2019-12-9 9:49:37,2019-12-9 9:49:37
643,Randall,Collier,2018-12-17,2019-12-8 14:41:12,2019-12-8 14:41:12
644,Cora,Wiegand,2019-3-14,2019-12-9 3:31:32,2019-12-9 3:31:32
645,Gunnar,Green,2019-2-13,2019-12-8 13:57:29,2019-12-8 13:57:29
646,Salma,Kozey,2019-1-19,2019-12-8 19:23:24,2019-12-8 19:23:24
647,Jairo,Kling,2019-11-7,2019-12-8 11:56:4,2019-12-8 11:56:4
648,Mathilde,Lubowitz,2019-11-17,2019-12-9 8:54:51,2019-12-9 8:54:51
649,Gabriel,Schaden,2019-4-14,2019-12-8 14:59:59,2019-12-8 14:59:59
650,Rory,Krajcik,2019-8-3,2019-12-9 6:54:55,2019-12-9 6:54:55
651,Lindsay,Sauer,2019-5-23,2019-12-9 7:25:16,2019-12-9 7:25:16
652,Maggie,White,2019-7-6,2019-12-8 19:12:43,2019-12-8 19:12:43
653,Vivianne,Steuber,2019-9-9,2019-12-8 22:8:38,2019-12-8 22:8:38
654,Larry,Runte,2018-12-16,2019-12-8 12:25:31,2019-12-8 12:25:31
655,Eula,Botsford,2019-8-14,2019-12-9 0:16:32,2019-12-9 0:16:32
656,Cecelia,McClure,2019-1-21,2019-12-8 21:19:52,2019-12-8 21:19:52
657,Delilah,Stracke,2019-8-4,2019-12-9 1:56:49,2019-12-9 1:56:49
658,Alba,Wiegand,2019-6-16,2019-12-8 17:12:48,2019-12-8 17:12:48
659,Albin,Schamberger,2019-6-25,2019-12-9 5:38:24,2019-12-9 5:38:24
660,Vicente,Windler,2019-11-21,2019-12-9 0:24:5,2019-12-9 0:24:5
661,Natasha,Rice,2019-3-11,2019-12-9 2:19:31,2019-12-9 2:19:31
662,Silas,Barton,2019-10-29,2019-12-8 22:1:15,2019-12-8 22:1:15
663,Jamal,Lesch,2019-6-7,2019-12-9 6:4:49,2019-12-9 6:4:49
664,Leopold,Bailey,2019-4-13,2019-12-8 23:20:46,2019-12-8 23:20:46
665,Gladyce,Larkin,2019-2-7,2019-12-8 14:55:59,2019-12-8 14:55:59
666,Unique,Wiegand,2018-12-12,2019-12-9 2:0:31,2019-12-9 2:0:31
667,Vada,Swaniawski,2019-3-23,2019-12-9 3:42:39,2019-12-9 3:42:39
668,Napoleon,Nienow,2019-6-10,2019-12-8 12:31:16,2019-12-8 12:31:16
669,Jaunita,Wisoky,2019-10-9,2019-12-9 10:38:32,2019-12-9 10:38:32
670,Joelle,Bailey,2019-6-24,2019-12-8 12:26:36,2019-12-8 12:26:36
671,Crystel,Spinka,2019-3-27,2019-12-8 16:24:33,2019-12-8 16:24:33
672,Karina,Cormier,2019-12-3,2019-12-8 22:48:21,2019-12-8 22:48:21
673,Roosevelt,Bergstrom,2019-7-5,2019-12-8 20:38:50,2019-12-8 20:38:50
674,Taurean,Smith,2019-4-11,2019-12-8 19:21:31,2019-12-8 19:21:31
675,Bertrand,Ritchie,2019-10-18,2019-12-8 20:38:14,2019-12-8 20:38:14
676,Carlo,Hodkiewicz,2019-7-27,2019-12-9 7:17:3,2019-12-9 7:17:3
677,Gustave,Hudson,2018-12-12,2019-12-9 1:21:23,2019-12-9 1:21:23
678,Mellie,Fay,2019-8-2,2019-12-8 23:37:2,2019-12-8 23:37:2
679,Alana,Lakin,2019-11-4,2019-12-9 10:17:5,2019-12-9 10:17:5
680,Sadye,Zieme,2018-12-18,2019-12-9 2:50:51,2019-12-9 2:50:51
681,Ethel,Kertzmann,2019-7-18,2019-12-9 11:3:11,2019-12-9 11:3:11
682,Rylan,Nitzsche,2019-1-14,2019-12-8 23:31:39,2019-12-8 23:31:39
683,Bell,Langosh,2019-9-13,2019-12-8 13:12:1,2019-12-8 13:12:1
684,Ila,Kohler,2019-10-11,2019-12-9 0:26:35,2019-12-9 0:26:35
685,Tyreek,West,2019-10-21,2019-12-8 23:9:10,2019-12-8 23:9:10
686,Percival,Bruen,2019-3-23,2019-12-9 4:26:7,2019-12-9 4:26:7
687,Amely,West,2019-3-18,2019-12-8 16:33:51,2019-12-8 16:33:51
688,Estrella,Conn,2019-3-5,2019-12-8 20:59:34,2019-12-8 20:59:34
689,Stevie,Stiedemann,2019-4-24,2019-12-8 23:10:10,2019-12-8 23:10:10
690,Kaia,Rice,2019-11-4,2019-12-8 15:2:34,2019-12-8 15:2:34
691,Cicero,Leuschke,2019-5-19,2019-12-8 19:48:42,2019-12-8 19:48:42
692,Rafaela,Lemke,2019-1-22,2019-12-9 8:31:4,2019-12-9 8:31:4
693,Delilah,Walker,2019-9-16,2019-12-8 11:28:19,2019-12-8 11:28:19
694,Aurelie,Leuschke,2019-5-12,2019-12-9 1:7:6,2019-12-9 1:7:6
695,Myriam,Morar,2019-3-11,2019-12-9 3:4:33,2019-12-9 3:4:33
696,Toney,Kozey,2019-8-6,2019-12-9 7:42:19,2019-12-9 7:42:19
697,Javier,Schneider,2019-1-19,2019-12-9 3:3:19,2019-12-9 3:3:19
698,Pietro,Reichert,2019-10-27,2019-12-9 2:57:18,2019-12-9 2:57:18
699,Carlotta,Lebsack,2019-8-12,2019-12-9 10:47:23,2019-12-9 10:47:23
700,Raquel,Yundt,2019-2-10,2019-12-8 20:29:49,2019-12-8 20:29:49
701,Ted,Renner,2019-6-29,2019-12-8 15:23:27,2019-12-8 15:23:27
702,Ryleigh,Gerhold,2019-12-5,2019-12-8 15:38:12,2019-12-8 15:38:12
703,Garret,Gerlach,2019-10-29,2019-12-9 10:25:8,2019-12-9 10:25:8
704,Timmy,Dickinson,2019-4-9,2019-12-9 1:2:4,2019-12-9 1:2:4
705,Oleta,Shanahan,2018-12-15,2019-12-8 21:39:7,2019-12-8 21:39:7
706,Godfrey,Pfannerstill,2018-12-12,2019-12-8 22:57:34,2019-12-8 22:57:34
707,Joanny,Frami,2019-9-13,2019-12-9 0:0:8,2019-12-9 0:0:8
708,Rosella,Hirthe,2019-10-27,2019-12-9 3:20:24,2019-12-9 3:20:24
709,Magali,Schoen,2019-4-1,2019-12-8 18:58:12,2019-12-8 18:58:12
710,Abbie,Cummerata,2019-8-1,2019-12-8 13:11:39,2019-12-8 13:11:39
711,Tristian,Nikolaus,2019-6-6,2019-12-8 14:24:19,2019-12-8 14:24:19
712,Wilber,Hegmann,2019-10-23,2019-12-8 15:48:13,2019-12-8 15:48:13
713,Mckayla,McKenzie,2019-8-13,2019-12-8 18:11:46,2019-12-8 18:11:46
714,Raul,Rempel,2019-3-29,2019-12-9 1:58:11,2019-12-9 1:58:11
715,Ronny,Bashirian,2019-5-30,2019-12-8 23:0:40,2019-12-8 23:0:40
716,Lelia,Breitenberg,2019-7-17,2019-12-9 8:5:21,2019-12-9 8:5:21
717,Reagan,Ziemann,2019-7-22,2019-12-9 2:3:12,2019-12-9 2:3:12
718,Jayce,Schamberger,2019-2-19,2019-12-8 11:47:2,2019-12-8 11:47:2
719,Palma,Kshlerin,2019-8-31,2019-12-8 19:0:14,2019-12-8 19:0:14
720,Emmanuelle,Weimann,2019-10-11,2019-12-8 19:59:26,2019-12-8 19:59:26
721,Mckenzie,Kozey,2019-10-13,2019-12-9 10:21:43,2019-12-9 10:21:43
722,Mariah,Mante,2019-7-23,2019-12-8 21:50:55,2019-12-8 21:50:55
723,Idella,Kilback,2019-4-28,2019-12-8 23:24:23,2019-12-8 23:24:23
724,Jerad,Bailey,2019-3-27,2019-12-8 16:59:0,2019-12-8 16:59:0
725,Kaylah,Wiza,2019-10-24,2019-12-8 21:19:27,2019-12-8 21:19:27
726,Reece,Goyette,2019-1-16,2019-12-8 12:37:6,2019-12-8 12:37:6
727,Nicola,Okuneva,2019-8-11,2019-12-8 12:20:7,2019-12-8 12:20:7
728,Dawn,Kerluke,2019-6-24,2019-12-8 16:24:37,2019-12-8 16:24:37
729,Leola,Baumbach,2019-9-13,2019-12-8 15:19:25,2019-12-8 15:19:25
730,Obie,Parisian,2019-4-21,2019-12-8 18:0:58,2019-12-8 18:0:58
731,Jude,Heidenreich,2019-9-20,2019-12-9 5:3:52,2019-12-9 5:3:52
732,Lilly,Zulauf,2019-5-20,2019-12-8 21:56:28,2019-12-8 21:56:28
733,Neva,Volkman,2019-5-5,2019-12-9 3:35:14,2019-12-9 3:35:14
734,Harvey,Cummings,2019-9-16,2019-12-9 7:19:54,2019-12-9 7:19:54
735,Lavada,Bernier,2019-2-1,2019-12-9 9:37:46,2019-12-9 9:37:46
736,Christa,Cormier,2019-3-15,2019-12-9 7:39:26,2019-12-9 7:39:26
737,Karlee,Koepp,2019-7-18,2019-12-9 10:47:59,2019-12-9 10:47:59
738,Stanford,Blick,2019-7-25,2019-12-9 3:17:14,2019-12-9 3:17:14
739,Martin,Luettgen,2019-5-13,2019-12-9 2:36:57,2019-12-9 2:36:57
740,Jaqueline,Hagenes,2019-2-15,2019-12-9 10:35:55,2019-12-9 10:35:55
741,Chesley,Lynch,2019-9-9,2019-12-8 18:41:29,2019-12-8 18:41:29
742,Candice,Turner,2019-7-25,2019-12-8 15:55:41,2019-12-8 15:55:41
743,Clifford,Douglas,2019-5-14,2019-12-9 1:36:57,2019-12-9 1:36:57
744,Fanny,Roberts,2019-8-4,2019-12-9 1:16:40,2019-12-9 1:16:40
745,Dariana,Rolfson,2019-7-21,2019-12-9 11:18:34,2019-12-9 11:18:34
746,Lincoln,Zulauf,2019-4-19,2019-12-8 11:51:37,2019-12-8 11:51:37
747,Paolo,"O'Connell",2019-9-1,2019-12-9 0:30:44,2019-12-9 0:30:44
748,Giovanni,Rau,2019-4-16,2019-12-9 7:13:49,2019-12-9 7:13:49
749,Arjun,Upton,2019-3-15,2019-12-8 23:39:7,2019-12-8 23:39:7
750,Willa,"O'Connell",2019-11-10,2019-12-9 6:40:15,2019-12-9 6:40:15
751,Lempi,Rowe,2019-7-24,2019-12-8 13:20:26,2019-12-8 13:20:26
752,Loren,Windler,2019-6-12,2019-12-8 13:17:40,2019-12-8 13:17:40
753,Saul,Stroman,2019-4-7,2019-12-8 16:19:38,2019-12-8 16:19:38
754,Adonis,Ankunding,2019-10-22,2019-12-9 1:32:40,2019-12-9 1:32:40
755,Abigail,Kuphal,2019-11-13,2019-12-9 9:4:54,2019-12-9 9:4:54
756,Ronny,Graham,2019-2-2,2019-12-9 6:16:23,2019-12-9 6:16:23
757,Brandy,Bashirian,2018-12-10,2019-12-9 1:34:41,2019-12-9 1:34:41
758,Cara,Gaylord,2019-10-8,2019-12-8 19:18:3,2019-12-8 19:18:3
759,Monroe,Conroy,2019-9-27,2019-12-8 11:27:30,2019-12-8 11:27:30
760,Cloyd,Blanda,2019-8-4,2019-12-9 0:5:30,2019-12-9 0:5:30
761,Damaris,Wuckert,2019-9-8,2019-12-9 1:3:46,2019-12-9 1:3:46
762,Damian,Wolf,2019-7-16,2019-12-9 4:33:38,2019-12-9 4:33:38
763,Yoshiko,Botsford,2019-8-14,2019-12-8 14:8:59,2019-12-8 14:8:59
764,Summer,Boyle,2019-11-7,2019-12-8 18:11:51,2019-12-8 18:11:51
765,Ayana,Olson,2019-11-9,2019-12-8 12:44:26,2019-12-8 12:44:26
766,Timmy,Windler,2019-10-25,2019-12-8 15:41:26,2019-12-8 15:41:26
767,Savion,Erdman,2019-10-15,2019-12-9 10:54:39,2019-12-9 10:54:39
768,Aurore,Auer,2019-1-28,2019-12-9 6:46:36,2019-12-9 6:46:36
769,Moshe,Greenfelder,2019-7-16,2019-12-8 20:19:57,2019-12-8 20:19:57
770,Arvel,Christiansen,2018-12-11,2019-12-9 9:7:13,2019-12-9 9:7:13
771,Concepcion,Collier,2019-9-5,2019-12-8 21:25:17,2019-12-8 21:25:17
772,Roxane,Hane,2019-2-27,2019-12-8 23:24:17,2019-12-8 23:24:17
773,Jason,Feest,2019-3-6,2019-12-8 21:21:18,2019-12-8 21:21:18
774,Eloise,McCullough,2019-10-7,2019-12-9 9:43:10,2019-12-9 9:43:10
775,Zoey,Bartell,2019-5-12,2019-12-9 2:3:16,2019-12-9 2:3:16
776,Khalil,Renner,2019-7-3,2019-12-8 18:58:15,2019-12-8 18:58:15
777,Makenna,Kutch,2019-4-1,2019-12-9 3:34:40,2019-12-9 3:34:40
778,Melissa,Bayer,2019-6-12,2019-12-9 3:7:48,2019-12-9 3:7:48
779,Daren,Hessel,2019-6-5,2019-12-8 15:47:27,2019-12-8 15:47:27
780,Gracie,Shields,2019-12-7,2019-12-9 4:14:35,2019-12-9 4:14:35
781,Victor,Dicki,2019-9-10,2019-12-8 21:1:32,2019-12-8 21:1:32
782,Tanya,Lindgren,2019-8-8,2019-12-8 22:20:28,2019-12-8 22:20:28
783,Rubye,Williamson,2019-8-29,2019-12-9 6:30:35,2019-12-9 6:30:35
784,Amalia,Hilll,2019-8-18,2019-12-8 23:17:6,2019-12-8 23:17:6
785,Noemi,Carter,2019-11-20,2019-12-9 10:6:58,2019-12-9 10:6:58
786,Haleigh,Greenholt,2019-1-28,2019-12-9 6:46:33,2019-12-9 6:46:33
787,Vern,Hackett,2019-2-7,2019-12-8 19:13:15,2019-12-8 19:13:15
788,Fern,Howell,2019-4-7,2019-12-8 15:13:41,2019-12-8 15:13:41
789,Miller,Willms,2019-10-1,2019-12-9 10:4:2,2019-12-9 10:4:2
790,Audie,Reilly,2019-1-19,2019-12-8 21:29:6,2019-12-8 21:29:6
791,Bettie,Lehner,2019-7-13,2019-12-9 1:56:41,2019-12-9 1:56:41
792,Cortez,Rodriguez,2019-3-28,2019-12-8 20:22:37,2019-12-8 20:22:37
793,Alyce,Wisoky,2019-11-10,2019-12-8 16:50:24,2019-12-8 16:50:24
794,Alba,Ryan,2019-9-29,2019-12-8 20:41:16,2019-12-8 20:41:16
795,Sylvester,Bernier,2019-9-21,2019-12-9 9:58:21,2019-12-9 9:58:21
796,Cleveland,White,2019-6-7,2019-12-8 15:50:47,2019-12-8 15:50:47
797,Vincenza,Parisian,2019-10-26,2019-12-9 3:36:15,2019-12-9 3:36:15
798,Orin,Parker,2019-12-4,2019-12-9 6:34:18,2019-12-9 6:34:18
799,Jordon,"O'Hara",2019-10-18,2019-12-9 4:27:45,2019-12-9 4:27:45
800,Layne,Bogisich,2019-5-31,2019-12-9 7:20:3,2019-12-9 7:20:3
801,Weston,Corwin,2019-2-13,2019-12-9 3:0:57,2019-12-9 3:0:57
802,Jeffry,Runolfsson,2019-6-26,2019-12-9 10:11:52,2019-12-9 10:11:52
803,Meda,Spinka,2019-10-15,2019-12-9 7:21:20,2019-12-9 7:21:20
804,Hildegard,Runolfsdottir,2019-6-21,2019-12-8 21:25:26,2019-12-8 21:25:26
805,Pink,Hirthe,2019-1-21,2019-12-8 15:48:38,2019-12-8 15:48:38
806,Margret,Ziemann,2019-3-17,2019-12-8 21:0:31,2019-12-8 21:0:31
807,Selina,Collier,2019-7-15,2019-12-8 19:54:17,2019-12-8 19:54:17
808,Muriel,Zulauf,2019-1-31,2019-12-8 14:22:5,2019-12-8 14:22:5
809,Francis,Conn,2019-1-14,2019-12-9 1:13:44,2019-12-9 1:13:44
810,Susie,Wiza,2019-5-31,2019-12-9 3:38:33,2019-12-9 3:38:33
811,Phoebe,Sauer,2018-12-14,2019-12-8 14:43:39,2019-12-8 14:43:39
812,Bradford,Anderson,2019-10-27,2019-12-9 8:49:5,2019-12-9 8:49:5
813,Donnie,Runolfsson,2019-4-4,2019-12-9 6:43:41,2019-12-9 6:43:41
814,Kirstin,Barton,2018-12-30,2019-12-8 12:18:2,2019-12-8 12:18:2
815,Saige,Farrell,2019-9-22,2019-12-8 21:36:37,2019-12-8 21:36:37
816,Nicole,Thompson,2019-5-3,2019-12-9 3:52:47,2019-12-9 3:52:47
817,Abigail,Gulgowski,2019-11-13,2019-12-9 4:56:12,2019-12-9 4:56:12
818,Alessia,Baumbach,2019-1-9,2019-12-8 19:18:45,2019-12-8 19:18:45
819,Lowell,Champlin,2019-11-7,2019-12-9 5:38:49,2019-12-9 5:38:49
820,Enrique,Gibson,2019-8-15,2019-12-8 20:31:39,2019-12-8 20:31:39
821,Herminio,Anderson,2019-11-26,2019-12-9 0:45:45,2019-12-9 0:45:45
822,Leonardo,Cormier,2019-10-27,2019-12-9 2:49:31,2019-12-9 2:49:31
823,Green,Altenwerth,2018-12-15,2019-12-8 14:41:51,2019-12-8 14:41:51
824,Noel,Witting,2019-8-14,2019-12-8 23:13:9,2019-12-8 23:13:9
825,Alfonzo,Harber,2019-8-31,2019-12-9 9:12:28,2019-12-9 9:12:28
826,Salvador,Cronin,2019-2-12,2019-12-9 11:4:2,2019-12-9 11:4:2
827,Isidro,Jacobi,2018-12-9,2019-12-9 3:12:29,2019-12-9 3:12:29
828,Maymie,Wehner,2019-8-14,2019-12-8 19:42:30,2019-12-8 19:42:30
829,Don,Osinski,2019-7-20,2019-12-8 15:58:13,2019-12-8 15:58:13
830,Myrl,Lindgren,2019-5-25,2019-12-8 17:38:37,2019-12-8 17:38:37
831,Jess,Funk,2019-7-2,2019-12-8 21:21:55,2019-12-8 21:21:55
832,Alvera,Bauch,2019-3-1,2019-12-8 16:48:59,2019-12-8 16:48:59
833,Tommie,Frami,2019-4-6,2019-12-8 20:22:33,2019-12-8 20:22:33
834,Stevie,Labadie,2019-8-31,2019-12-8 11:26:17,2019-12-8 11:26:17
835,Brenna,Becker,2019-6-12,2019-12-9 4:5:42,2019-12-9 4:5:42
836,Casimir,Brakus,2019-10-9,2019-12-8 20:18:3,2019-12-8 20:18:3
837,Harmony,Heller,2019-5-31,2019-12-9 9:15:14,2019-12-9 9:15:14
838,Laurine,Block,2019-11-4,2019-12-8 20:19:33,2019-12-8 20:19:33
839,Keira,Heller,2018-12-19,2019-12-9 7:15:43,2019-12-9 7:15:43
840,Geovany,Bradtke,2019-9-19,2019-12-8 16:26:8,2019-12-8 16:26:8
841,Aryanna,Bahringer,2019-9-14,2019-12-9 7:36:5,2019-12-9 7:36:5
842,Janie,Ferry,2019-12-4,2019-12-8 12:50:59,2019-12-8 12:50:59
843,Wayne,Fisher,2019-7-4,2019-12-8 11:43:56,2019-12-8 11:43:56
844,Verdie,Wisoky,2019-8-30,2019-12-9 10:42:34,2019-12-9 10:42:34
845,Lane,Ebert,2019-7-8,2019-12-9 9:30:46,2019-12-9 9:30:46
846,Gerhard,Hammes,2019-9-26,2019-12-8 17:14:43,2019-12-8 17:14:43
847,Dustin,McLaughlin,2019-1-25,2019-12-8 16:27:8,2019-12-8 16:27:8
848,Elaina,Schuster,2019-11-24,2019-12-9 6:19:55,2019-12-9 6:19:55
849,Steve,Fritsch,2019-7-10,2019-12-9 4:25:42,2019-12-9 4:25:42
850,Christiana,Wunsch,2019-9-26,2019-12-9 0:15:0,2019-12-9 0:15:0
851,Roma,Schiller,2019-10-9,2019-12-9 11:17:24,2019-12-9 11:17:24
852,Kristofer,Howell,2019-2-25,2019-12-9 6:28:9,2019-12-9 6:28:9
853,Trenton,Dare,2019-2-7,2019-12-8 21:25:30,2019-12-8 21:25:30
854,Ila,McKenzie,2019-11-28,2019-12-9 6:15:45,2019-12-9 6:15:45
855,Anthony,Nolan,2019-9-8,2019-12-9 0:1:0,2019-12-9 0:1:0
856,Jamey,Wilderman,2019-9-1,2019-12-8 16:53:32,2019-12-8 16:53:32
857,Milton,Farrell,2019-5-14,2019-12-9 4:58:57,2019-12-9 4:58:57
858,Anderson,Stroman,2019-4-14,2019-12-8 23:50:33,2019-12-8 23:50:33
859,Zander,Renner,2019-9-16,2019-12-9 3:25:29,2019-12-9 3:25:29
860,Arlene,Quigley,2019-11-19,2019-12-8 13:51:58,2019-12-8 13:51:58
861,Axel,Gutmann,2019-11-30,2019-12-8 21:49:38,2019-12-8 21:49:38
862,Angel,Dooley,2019-3-25,2019-12-8 19:11:18,2019-12-8 19:11:18
863,Omer,Shanahan,2019-11-26,2019-12-8 15:35:59,2019-12-8 15:35:59
864,Edgardo,Kiehn,2019-3-21,2019-12-8 18:36:41,2019-12-8 18:36:41
865,Eric,Senger,2019-8-12,2019-12-9 3:48:35,2019-12-9 3:48:35
866,Chasity,Schamberger,2019-12-3,2019-12-9 6:8:57,2019-12-9 6:8:57
867,Katelyn,Tromp,2019-6-17,2019-12-8 23:14:18,2019-12-8 23:14:18
868,Johnathan,Lang,2018-12-25,2019-12-9 0:25:45,2019-12-9 0:25:45
869,Taya,Botsford,2019-5-5,2019-12-9 3:10:42,2019-12-9 3:10:42
870,Talon,Murray,2019-6-20,2019-12-8 15:21:31,2019-12-8 15:21:31
871,Joey,Cronin,2019-8-27,2019-12-9 3:12:55,2019-12-9 3:12:55
872,Grayce,Fahey,2019-9-12,2019-12-8 14:58:24,2019-12-8 14:58:24
873,Reese,Watsica,2019-6-16,2019-12-8 12:32:26,2019-12-8 12:32:26
874,Berta,Effertz,2019-1-7,2019-12-9 4:21:2,2019-12-9 4:21:2
875,Imogene,Durgan,2019-9-14,2019-12-8 15:25:36,2019-12-8 15:25:36
876,Grady,Hauck,2019-6-14,2019-12-8 13:40:1,2019-12-8 13:40:1
877,Warren,Jacobi,2019-9-12,2019-12-9 9:46:32,2019-12-9 9:46:32
878,Margarette,Klein,2019-4-29,2019-12-9 11:2:24,2019-12-9 11:2:24
879,Maxine,Borer,2019-9-27,2019-12-8 23:51:19,2019-12-8 23:51:19
880,Federico,Gerhold,2019-10-15,2019-12-9 6:29:48,2019-12-9 6:29:48
881,Hayden,Cartwright,2019-1-15,2019-12-9 9:10:22,2019-12-9 9:10:22
882,Bernardo,Breitenberg,2019-1-2,2019-12-9 2:59:5,2019-12-9 2:59:5
883,Casey,Kris,2019-1-28,2019-12-9 8:9:28,2019-12-9 8:9:28
884,Marilie,Schimmel,2019-6-6,2019-12-9 3:39:45,2019-12-9 3:39:45
885,Arnold,Willms,2019-2-26,2019-12-9 2:10:51,2019-12-9 2:10:51
886,May,Fahey,2019-9-5,2019-12-8 19:55:52,2019-12-8 19:55:52
887,Rubye,Doyle,2019-9-4,2019-12-9 2:11:25,2019-12-9 2:11:25
888,Myles,Bernhard,2019-11-10,2019-12-8 21:10:7,2019-12-8 21:10:7
889,Lulu,Hickle,2019-1-16,2019-12-9 2:29:53,2019-12-9 2:29:53
890,Janis,Schimmel,2019-10-14,2019-12-9 0:36:15,2019-12-9 0:36:15
891,Bud,Treutel,2019-1-10,2019-12-8 13:46:27,2019-12-8 13:46:27
892,Vella,Simonis,2019-8-13,2019-12-8 13:23:45,2019-12-8 13:23:45
893,Jordon,Lesch,2019-11-10,2019-12-9 6:42:32,2019-12-9 6:42:32
894,Mabelle,Treutel,2019-10-11,2019-12-9 11:2:39,2019-12-9 11:2:39
895,Tyler,Hamill,2019-2-20,2019-12-9 3:5:36,2019-12-9 3:5:36
896,Saige,Borer,2018-12-11,2019-12-8 22:2:56,2019-12-8 22:2:56
897,Elaina,Paucek,2019-3-1,2019-12-9 1:14:5,2019-12-9 1:14:5
898,Cornell,Ankunding,2019-9-7,2019-12-9 6:7:37,2019-12-9 6:7:37
899,Mack,Hyatt,2019-11-4,2019-12-8 13:55:39,2019-12-8 13:55:39
900,Keara,Von,2019-4-7,2019-12-8 12:58:18,2019-12-8 12:58:18
901,Dexter,Bernier,2019-5-3,2019-12-8 23:12:28,2019-12-8 23:12:28
902,Jasper,Friesen,2019-10-15,2019-12-9 1:45:50,2019-12-9 1:45:50
903,Jimmie,Schimmel,2019-1-3,2019-12-8 20:8:30,2019-12-8 20:8:30
904,Miles,Walker,2018-12-11,2019-12-8 14:43:9,2019-12-8 14:43:9
905,Hattie,Aufderhar,2019-1-14,2019-12-8 13:5:36,2019-12-8 13:5:36
906,Shad,Leuschke,2019-1-28,2019-12-8 20:46:10,2019-12-8 20:46:10
907,Marlee,Oberbrunner,2019-8-12,2019-12-8 22:23:58,2019-12-8 22:23:58
908,Arden,Miller,2019-6-29,2019-12-8 21:37:39,2019-12-8 21:37:39
909,Johnathan,Weimann,2019-11-23,2019-12-8 18:11:16,2019-12-8 18:11:16
910,Mariano,VonRueden,2019-9-21,2019-12-8 21:40:17,2019-12-8 21:40:17
911,Garret,Medhurst,2019-2-22,2019-12-9 9:7:45,2019-12-9 9:7:45
912,Marielle,Thiel,2019-4-4,2019-12-8 12:52:52,2019-12-8 12:52:52
913,Johnathon,Nader,2019-4-9,2019-12-9 4:11:30,2019-12-9 4:11:30
914,Macey,Harber,2019-11-12,2019-12-8 18:56:9,2019-12-8 18:56:9
915,Ashtyn,Koch,2019-1-6,2019-12-8 20:19:4,2019-12-8 20:19:4
916,Jovan,Tillman,2019-8-24,2019-12-9 9:24:36,2019-12-9 9:24:36
917,Brad,Cremin,2019-1-1,2019-12-8 14:7:15,2019-12-8 14:7:15
918,Immanuel,Monahan,2018-12-30,2019-12-8 23:6:16,2019-12-8 23:6:16
919,Lemuel,Hegmann,2019-2-26,2019-12-9 7:56:33,2019-12-9 7:56:33
920,Nick,Von,2019-7-6,2019-12-8 20:34:8,2019-12-8 20:34:8
921,Diego,Hayes,2019-4-27,2019-12-9 10:36:57,2019-12-9 10:36:57
922,Adele,Gottlieb,2019-9-22,2019-12-9 6:51:31,2019-12-9 6:51:31
923,Rosario,Nitzsche,2019-8-4,2019-12-8 15:20:59,2019-12-8 15:20:59
924,Cleora,Adams,2019-8-27,2019-12-9 5:30:53,2019-12-9 5:30:53
925,Aylin,Sanford,2019-5-24,2019-12-8 13:23:38,2019-12-8 13:23:38
926,Patsy,Carroll,2019-11-8,2019-12-8 20:17:3,2019-12-8 20:17:3
927,Isabel,Marvin,2019-7-15,2019-12-8 23:34:5,2019-12-8 23:34:5
928,Zena,Morissette,2018-12-26,2019-12-8 21:51:12,2019-12-8 21:51:12
929,Juston,Dietrich,2019-6-9,2019-12-9 7:13:41,2019-12-9 7:13:41
930,Jerome,Hills,2019-9-15,2019-12-9 1:12:4,2019-12-9 1:12:4
931,Baylee,McDermott,2019-2-3,2019-12-9 5:50:39,2019-12-9 5:50:39
932,Xavier,Hammes,2019-9-21,2019-12-9 5:39:0,2019-12-9 5:39:0
933,Henriette,Brakus,2019-9-26,2019-12-8 11:47:33,2019-12-8 11:47:33
934,Jessy,Hermiston,2018-12-16,2019-12-9 2:44:59,2019-12-9 2:44:59
935,Abigayle,Leffler,2019-4-24,2019-12-9 7:33:29,2019-12-9 7:33:29
936,Edna,Oberbrunner,2019-1-4,2019-12-9 4:53:22,2019-12-9 4:53:22
937,Rocky,Runolfsson,2019-4-26,2019-12-9 8:16:4,2019-12-9 8:16:4
938,Ewell,Glover,2019-11-24,2019-12-8 20:56:19,2019-12-8 20:56:19
939,Nickolas,Padberg,2019-5-26,2019-12-8 15:6:31,2019-12-8 15:6:31
940,Bailey,Wehner,2019-6-2,2019-12-9 7:58:45,2019-12-9 7:58:45
941,Robb,Schuppe,2019-6-7,2019-12-9 3:29:57,2019-12-9 3:29:57
942,Ruthe,Haley,2019-7-22,2019-12-9 6:21:30,2019-12-9 6:21:30
943,Arno,Kutch,2019-5-14,2019-12-9 3:18:37,2019-12-9 3:18:37
944,Hosea,Langosh,2019-11-24,2019-12-9 5:50:44,2019-12-9 5:50:44
945,Delpha,Runolfsson,2019-5-19,2019-12-8 17:36:20,2019-12-8 17:36:20
946,Robbie,Franecki,2019-3-25,2019-12-9 2:32:28,2019-12-9 2:32:28
947,Brent,Jacobs,2019-5-12,2019-12-9 10:8:7,2019-12-9 10:8:7
948,Cloyd,Pouros,2019-3-21,2019-12-8 17:0:10,2019-12-8 17:0:10
949,Mireya,McDermott,2019-8-29,2019-12-8 19:37:29,2019-12-8 19:37:29
950,Alberto,Strosin,2019-6-17,2019-12-8 14:49:14,2019-12-8 14:49:14
951,Ernesto,Herzog,2019-3-12,2019-12-8 22:39:25,2019-12-8 22:39:25
952,Thad,Lakin,2019-8-5,2019-12-8 23:33:29,2019-12-8 23:33:29
953,Agustina,Reynolds,2018-12-31,2019-12-9 11:14:2,2019-12-9 11:14:2
954,Chyna,Lueilwitz,2019-2-1,2019-12-8 11:54:0,2019-12-8 11:54:0
955,Erwin,Schroeder,2019-4-13,2019-12-9 4:11:18,2019-12-9 4:11:18
956,Lou,Rohan,2018-12-10,2019-12-8 13:36:49,2019-12-8 13:36:49
957,Juanita,"O'Kon",2019-9-19,2019-12-8 12:53:7,2019-12-8 12:53:7
958,Dudley,Bode,2019-4-14,2019-12-8 23:57:39,2019-12-8 23:57:39
959,Meagan,Beier,2019-9-23,2019-12-9 4:7:45,2019-12-9 4:7:45
960,Romaine,Tillman,2019-1-21,2019-12-9 7:27:3,2019-12-9 7:27:3
961,Isidro,Hills,2019-2-22,2019-12-9 6:19:9,2019-12-9 6:19:9
962,Georgianna,Mraz,2019-3-9,2019-12-9 6:50:23,2019-12-9 6:50:23
963,Karelle,Hoppe,2019-9-19,2019-12-8 18:14:5,2019-12-8 18:14:5
964,Orion,Blanda,2019-4-27,2019-12-9 5:18:18,2019-12-9 5:18:18
965,Caleb,Renner,2019-2-18,2019-12-9 10:34:41,2019-12-9 10:34:41
966,Leonora,Mueller,2019-3-28,2019-12-9 4:58:57,2019-12-9 4:58:57
967,Marielle,Lindgren,2019-5-26,2019-12-8 18:13:26,2019-12-8 18:13:26
968,Ruthe,Schimmel,2019-10-20,2019-12-8 23:4:2,2019-12-8 23:4:2
969,Judah,"O'Keefe",2019-1-4,2019-12-8 19:50:14,2019-12-8 19:50:14
970,Brandyn,Spencer,2019-11-21,2019-12-8 20:31:58,2019-12-8 20:31:58
971,Estell,Howe,2019-10-18,2019-12-8 21:13:50,2019-12-8 21:13:50
972,Anais,Tillman,2019-3-9,2019-12-8 22:13:13,2019-12-8 22:13:13
973,Delphine,Purdy,2019-4-1,2019-12-9 11:10:8,2019-12-9 11:10:8
974,Justyn,Zulauf,2019-10-15,2019-12-8 18:31:25,2019-12-8 18:31:25
975,Emelie,Jenkins,2019-7-19,2019-12-8 15:7:34,2019-12-8 15:7:34
976,Amir,Jerde,2019-4-5,2019-12-8 18:22:26,2019-12-8 18:22:26
977,Emerson,Medhurst,2019-9-1,2019-12-9 5:17:43,2019-12-9 5:17:43
978,Ella,Hane,2019-5-15,2019-12-9 10:21:34,2019-12-9 10:21:34
979,Fatima,Weber,2019-8-22,2019-12-8 14:40:43,2019-12-8 14:40:43
980,Sunny,Nader,2019-8-27,2019-12-9 6:9:1,2019-12-9 6:9:1
981,Josie,Kozey,2019-4-17,2019-12-8 20:44:33,2019-12-8 20:44:33
982,Forest,Feeney,2019-3-19,2019-12-9 0:42:12,2019-12-9 0:42:12
983,Amaya,Auer,2019-10-4,2019-12-9 1:18:22,2019-12-9 1:18:22
984,Edythe,Davis,2019-9-17,2019-12-8 23:9:44,2019-12-8 23:9:44
985,Meredith,Kuphal,2019-7-23,2019-12-9 7:16:13,2019-12-9 7:16:13
986,Myriam,Hickle,2019-3-11,2019-12-9 10:34:26,2019-12-9 10:34:26
987,Michelle,Greenholt,2019-1-19,2019-12-9 2:32:39,2019-12-9 2:32:39
988,Marietta,Lind,2019-5-19,2019-12-8 13:1:52,2019-12-8 13:1:52
989,Raphaelle,Hammes,2019-10-20,2019-12-8 20:49:45,2019-12-8 20:49:45
990,Emelie,Bailey,2019-11-11,2019-12-9 2:49:50,2019-12-9 2:49:50
991,Selina,Little,2019-3-19,2019-12-8 16:46:25,2019-12-8 16:46:25
992,Adolph,Ledner,2019-9-24,2019-12-9 7:51:21,2019-12-9 7:51:21
993,Burley,Brown,2019-8-22,2019-12-9 5:9:32,2019-12-9 5:9:32
994,Verda,Hills,2019-4-22,2019-12-9 9:19:2,2019-12-9 9:19:2
995,Mervin,Marvin,2019-6-12,2019-12-9 7:36:31,2019-12-9 7:36:31
996,Alta,Feest,2019-1-12,2019-12-8 13:14:58,2019-12-8 13:14:58
997,Margarette,Altenwerth,2019-1-28,2019-12-8 15:19:15,2019-12-8 15:19:15
998,Kobe,Tillman,2019-2-17,2019-12-8 15:22:53,2019-12-8 15:22:53
999,Irwin,Kuhn,2019-2-25,2019-12-8 17:38:51,2019-12-8 17:38:51